filename,sep_degree,epsilon,sample_size,correct_guesses
1000_0.000000_1677.csv,0,0.01,300,100
1000_0.000000_1677.csv,0,0.06,50,100
1000_0.000000_1677.csv,0,0.11,28,100
1000_0.000000_1677.csv,0,0.16,19,100
1000_0.000000_1677.csv,0,0.21,15,100
1000_0.000000_1677.csv,0,0.26,12,100
1000_0.000000_1677.csv,0,0.31,10,100
1000_0.000000_1677.csv,0,0.36,9,100
1000_0.000000_1677.csv,0,0.41,8,100
1000_0.000000_1677.csv,0,0.46,7,100
1000_0.000000_5988.csv,0,0.01,300,100
1000_0.000000_5988.csv,0,0.06,50,100
1000_0.000000_5988.csv,0,0.11,28,100
1000_0.000000_5988.csv,0,0.16,19,100
1000_0.000000_5988.csv,0,0.21,15,100
1000_0.000000_5988.csv,0,0.26,12,100
1000_0.000000_5988.csv,0,0.31,10,100
1000_0.000000_5988.csv,0,0.36,9,100
1000_0.000000_5988.csv,0,0.41,8,100
1000_0.000000_5988.csv,0,0.46,7,100
1000_0.001000_3938.csv,0.001,0.01,300,0
1000_0.001000_3938.csv,0.001,0.06,50,0
1000_0.001000_3938.csv,0.001,0.11,28,0
1000_0.001000_3938.csv,0.001,0.16,19,0
1000_0.001000_3938.csv,0.001,0.21,15,0
1000_0.001000_3938.csv,0.001,0.26,12,0
1000_0.001000_3938.csv,0.001,0.31,10,0
1000_0.001000_3938.csv,0.001,0.36,9,0
1000_0.001000_3938.csv,0.001,0.41,8,0
1000_0.001000_3938.csv,0.001,0.46,7,0
1000_0.001000_4287.csv,0.001,0.01,300,14
1000_0.001000_4287.csv,0.001,0.06,50,0
1000_0.001000_4287.csv,0.001,0.11,28,0
1000_0.001000_4287.csv,0.001,0.16,19,1
1000_0.001000_4287.csv,0.001,0.21,15,0
1000_0.001000_4287.csv,0.001,0.26,12,0
1000_0.001000_4287.csv,0.001,0.31,10,0
1000_0.001000_4287.csv,0.001,0.36,9,0
1000_0.001000_4287.csv,0.001,0.41,8,0
1000_0.001000_4287.csv,0.001,0.46,7,0
1000_0.001000_6513.csv,0.001,0.01,300,0
1000_0.001000_6513.csv,0.001,0.06,50,0
1000_0.001000_6513.csv,0.001,0.11,28,0
1000_0.001000_6513.csv,0.001,0.16,19,0
1000_0.001000_6513.csv,0.001,0.21,15,0
1000_0.001000_6513.csv,0.001,0.26,12,0
1000_0.001000_6513.csv,0.001,0.31,10,0
1000_0.001000_6513.csv,0.001,0.36,9,0
1000_0.001000_6513.csv,0.001,0.41,8,0
1000_0.001000_6513.csv,0.001,0.46,7,0
1000_0.001000_9237.csv,0.001,0.01,300,0
1000_0.001000_9237.csv,0.001,0.06,50,0
1000_0.001000_9237.csv,0.001,0.11,28,0
1000_0.001000_9237.csv,0.001,0.16,19,0
1000_0.001000_9237.csv,0.001,0.21,15,0
1000_0.001000_9237.csv,0.001,0.26,12,0
1000_0.001000_9237.csv,0.001,0.31,10,0
1000_0.001000_9237.csv,0.001,0.36,9,0
1000_0.001000_9237.csv,0.001,0.41,8,0
1000_0.001000_9237.csv,0.001,0.46,7,0
1000_0.003000_3234.csv,0.003,0.01,300,0
1000_0.003000_3234.csv,0.003,0.06,50,0
1000_0.003000_3234.csv,0.003,0.11,28,0
1000_0.003000_3234.csv,0.003,0.16,19,0
1000_0.003000_3234.csv,0.003,0.21,15,0
1000_0.003000_3234.csv,0.003,0.26,12,0
1000_0.003000_3234.csv,0.003,0.31,10,0
1000_0.003000_3234.csv,0.003,0.36,9,0
1000_0.003000_3234.csv,0.003,0.41,8,0
1000_0.003000_3234.csv,0.003,0.46,7,0
1000_0.006000_9734.csv,0.006,0.01,300,51
1000_0.006000_9734.csv,0.006,0.06,50,2
1000_0.006000_9734.csv,0.006,0.11,28,0
1000_0.006000_9734.csv,0.006,0.16,19,0
1000_0.006000_9734.csv,0.006,0.21,15,0
1000_0.006000_9734.csv,0.006,0.26,12,0
1000_0.006000_9734.csv,0.006,0.31,10,0
1000_0.006000_9734.csv,0.006,0.36,9,0
1000_0.006000_9734.csv,0.006,0.41,8,0
1000_0.006000_9734.csv,0.006,0.46,7,0
1000_0.007000_4431.csv,0.007,0.01,300,85
1000_0.007000_4431.csv,0.007,0.06,50,4
1000_0.007000_4431.csv,0.007,0.11,28,2
1000_0.007000_4431.csv,0.007,0.16,19,0
1000_0.007000_4431.csv,0.007,0.21,15,0
1000_0.007000_4431.csv,0.007,0.26,12,0
1000_0.007000_4431.csv,0.007,0.31,10,0
1000_0.007000_4431.csv,0.007,0.36,9,0
1000_0.007000_4431.csv,0.007,0.41,8,0
1000_0.007000_4431.csv,0.007,0.46,7,0
1000_0.013000_6177.csv,0.013,0.01,300,98
1000_0.013000_6177.csv,0.013,0.06,50,7
1000_0.013000_6177.csv,0.013,0.11,28,3
1000_0.013000_6177.csv,0.013,0.16,19,2
1000_0.013000_6177.csv,0.013,0.21,15,0
1000_0.013000_6177.csv,0.013,0.26,12,0
1000_0.013000_6177.csv,0.013,0.31,10,0
1000_0.013000_6177.csv,0.013,0.36,9,0
1000_0.013000_6177.csv,0.013,0.41,8,0
1000_0.013000_6177.csv,0.013,0.46,7,0
1000_0.014000_4245.csv,0.014,0.01,300,98
1000_0.014000_4245.csv,0.014,0.06,50,5
1000_0.014000_4245.csv,0.014,0.11,28,3
1000_0.014000_4245.csv,0.014,0.16,19,1
1000_0.014000_4245.csv,0.014,0.21,15,0
1000_0.014000_4245.csv,0.014,0.26,12,0
1000_0.014000_4245.csv,0.014,0.31,10,0
1000_0.014000_4245.csv,0.014,0.36,9,0
1000_0.014000_4245.csv,0.014,0.41,8,0
1000_0.014000_4245.csv,0.014,0.46,7,0
1000_0.015000_7800.csv,0.015,0.01,300,98
1000_0.015000_7800.csv,0.015,0.06,50,8
1000_0.015000_7800.csv,0.015,0.11,28,4
1000_0.015000_7800.csv,0.015,0.16,19,0
1000_0.015000_7800.csv,0.015,0.21,15,0
1000_0.015000_7800.csv,0.015,0.26,12,0
1000_0.015000_7800.csv,0.015,0.31,10,0
1000_0.015000_7800.csv,0.015,0.36,9,0
1000_0.015000_7800.csv,0.015,0.41,8,0
1000_0.015000_7800.csv,0.015,0.46,7,0
1000_0.022000_1715.csv,0.022,0.01,300,100
1000_0.022000_1715.csv,0.022,0.06,50,14
1000_0.022000_1715.csv,0.022,0.11,28,4
1000_0.022000_1715.csv,0.022,0.16,19,0
1000_0.022000_1715.csv,0.022,0.21,15,1
1000_0.022000_1715.csv,0.022,0.26,12,0
1000_0.022000_1715.csv,0.022,0.31,10,0
1000_0.022000_1715.csv,0.022,0.36,9,0
1000_0.022000_1715.csv,0.022,0.41,8,0
1000_0.022000_1715.csv,0.022,0.46,7,0
1000_0.026000_4739.csv,0.026,0.01,300,100
1000_0.026000_4739.csv,0.026,0.06,50,48
1000_0.026000_4739.csv,0.026,0.11,28,24
1000_0.026000_4739.csv,0.026,0.16,19,9
1000_0.026000_4739.csv,0.026,0.21,15,3
1000_0.026000_4739.csv,0.026,0.26,12,5
1000_0.026000_4739.csv,0.026,0.31,10,1
1000_0.026000_4739.csv,0.026,0.36,9,2
1000_0.026000_4739.csv,0.026,0.41,8,2
1000_0.026000_4739.csv,0.026,0.46,7,1
1000_0.056000_4942.csv,0.056,0.01,300,100
1000_0.056000_4942.csv,0.056,0.06,50,75
1000_0.056000_4942.csv,0.056,0.11,28,41
1000_0.056000_4942.csv,0.056,0.16,19,30
1000_0.056000_4942.csv,0.056,0.21,15,10
1000_0.056000_4942.csv,0.056,0.26,12,11
1000_0.056000_4942.csv,0.056,0.31,10,1
1000_0.056000_4942.csv,0.056,0.36,9,4
1000_0.056000_4942.csv,0.056,0.41,8,1
1000_0.056000_4942.csv,0.056,0.46,7,1
1000_0.088000_6807.csv,0.088,0.01,300,100
1000_0.088000_6807.csv,0.088,0.06,50,96
1000_0.088000_6807.csv,0.088,0.11,28,69
1000_0.088000_6807.csv,0.088,0.16,19,32
1000_0.088000_6807.csv,0.088,0.21,15,21
1000_0.088000_6807.csv,0.088,0.26,12,13
1000_0.088000_6807.csv,0.088,0.31,10,11
1000_0.088000_6807.csv,0.088,0.36,9,6
1000_0.088000_6807.csv,0.088,0.41,8,4
1000_0.088000_6807.csv,0.088,0.46,7,1
1000_0.103000_5766.csv,0.103,0.01,300,100
1000_0.103000_5766.csv,0.103,0.06,50,99
1000_0.103000_5766.csv,0.103,0.11,28,78
1000_0.103000_5766.csv,0.103,0.16,19,63
1000_0.103000_5766.csv,0.103,0.21,15,43
1000_0.103000_5766.csv,0.103,0.26,12,26
1000_0.103000_5766.csv,0.103,0.31,10,15
1000_0.103000_5766.csv,0.103,0.36,9,7
1000_0.103000_5766.csv,0.103,0.41,8,12
1000_0.103000_5766.csv,0.103,0.46,7,4
1000_0.137000_4631.csv,0.137,0.01,300,100
1000_0.137000_4631.csv,0.137,0.06,50,99
1000_0.137000_4631.csv,0.137,0.11,28,86
1000_0.137000_4631.csv,0.137,0.16,19,57
1000_0.137000_4631.csv,0.137,0.21,15,51
1000_0.137000_4631.csv,0.137,0.26,12,36
1000_0.137000_4631.csv,0.137,0.31,10,30
1000_0.137000_4631.csv,0.137,0.36,9,23
1000_0.137000_4631.csv,0.137,0.41,8,12
1000_0.137000_4631.csv,0.137,0.46,7,13
1000_0.153000_3926.csv,0.153,0.01,300,100
1000_0.153000_3926.csv,0.153,0.06,50,100
1000_0.153000_3926.csv,0.153,0.11,28,91
1000_0.153000_3926.csv,0.153,0.16,19,75
1000_0.153000_3926.csv,0.153,0.21,15,63
1000_0.153000_3926.csv,0.153,0.26,12,35
1000_0.153000_3926.csv,0.153,0.31,10,30
1000_0.153000_3926.csv,0.153,0.36,9,20
1000_0.153000_3926.csv,0.153,0.41,8,8
1000_0.153000_3926.csv,0.153,0.46,7,10
1000_0.164000_2754.csv,0.164,0.01,300,100
1000_0.164000_2754.csv,0.164,0.06,50,100
1000_0.164000_2754.csv,0.164,0.11,28,92
1000_0.164000_2754.csv,0.164,0.16,19,70
1000_0.164000_2754.csv,0.164,0.21,15,60
1000_0.164000_2754.csv,0.164,0.26,12,31
1000_0.164000_2754.csv,0.164,0.31,10,28
1000_0.164000_2754.csv,0.164,0.36,9,25
1000_0.164000_2754.csv,0.164,0.41,8,11
1000_0.164000_2754.csv,0.164,0.46,7,9
1000_0.167000_5461.csv,0.167,0.01,300,100
1000_0.167000_5461.csv,0.167,0.06,50,100
1000_0.167000_5461.csv,0.167,0.11,28,92
1000_0.167000_5461.csv,0.167,0.16,19,80
1000_0.167000_5461.csv,0.167,0.21,15,55
1000_0.167000_5461.csv,0.167,0.26,12,33
1000_0.167000_5461.csv,0.167,0.31,10,20
1000_0.167000_5461.csv,0.167,0.36,9,17
1000_0.167000_5461.csv,0.167,0.41,8,21
1000_0.167000_5461.csv,0.167,0.46,7,5
1000_0.183000_1370.csv,0.183,0.01,300,100
1000_0.183000_1370.csv,0.183,0.06,50,100
1000_0.183000_1370.csv,0.183,0.11,28,95
1000_0.183000_1370.csv,0.183,0.16,19,80
1000_0.183000_1370.csv,0.183,0.21,15,57
1000_0.183000_1370.csv,0.183,0.26,12,48
1000_0.183000_1370.csv,0.183,0.31,10,34
1000_0.183000_1370.csv,0.183,0.36,9,21
1000_0.183000_1370.csv,0.183,0.41,8,19
1000_0.183000_1370.csv,0.183,0.46,7,5
1000_0.200000_8248.csv,0.2,0.01,300,100
1000_0.200000_8248.csv,0.2,0.06,50,99
1000_0.200000_8248.csv,0.2,0.11,28,98
1000_0.200000_8248.csv,0.2,0.16,19,88
1000_0.200000_8248.csv,0.2,0.21,15,72
1000_0.200000_8248.csv,0.2,0.26,12,50
1000_0.200000_8248.csv,0.2,0.31,10,35
1000_0.200000_8248.csv,0.2,0.36,9,27
1000_0.200000_8248.csv,0.2,0.41,8,17
1000_0.200000_8248.csv,0.2,0.46,7,13
1000_0.242000_7431.csv,0.242,0.01,300,100
1000_0.242000_7431.csv,0.242,0.06,50,100
1000_0.242000_7431.csv,0.242,0.11,28,98
1000_0.242000_7431.csv,0.242,0.16,19,92
1000_0.242000_7431.csv,0.242,0.21,15,67
1000_0.242000_7431.csv,0.242,0.26,12,67
1000_0.242000_7431.csv,0.242,0.31,10,55
1000_0.242000_7431.csv,0.242,0.36,9,37
1000_0.242000_7431.csv,0.242,0.41,8,33
1000_0.242000_7431.csv,0.242,0.46,7,12
1000_0.246000_8076.csv,0.246,0.01,300,100
1000_0.246000_8076.csv,0.246,0.06,50,100
1000_0.246000_8076.csv,0.246,0.11,28,100
1000_0.246000_8076.csv,0.246,0.16,19,88
1000_0.246000_8076.csv,0.246,0.21,15,80
1000_0.246000_8076.csv,0.246,0.26,12,65
1000_0.246000_8076.csv,0.246,0.31,10,42
1000_0.246000_8076.csv,0.246,0.36,9,39
1000_0.246000_8076.csv,0.246,0.41,8,30
1000_0.246000_8076.csv,0.246,0.46,7,19
1000_0.264000_9190.csv,0.264,0.01,300,100
1000_0.264000_9190.csv,0.264,0.06,50,100
1000_0.264000_9190.csv,0.264,0.11,28,97
1000_0.264000_9190.csv,0.264,0.16,19,91
1000_0.264000_9190.csv,0.264,0.21,15,84
1000_0.264000_9190.csv,0.264,0.26,12,58
1000_0.264000_9190.csv,0.264,0.31,10,50
1000_0.264000_9190.csv,0.264,0.36,9,41
1000_0.264000_9190.csv,0.264,0.41,8,30
1000_0.264000_9190.csv,0.264,0.46,7,21
1000_0.289000_8327.csv,0.289,0.01,300,100
1000_0.289000_8327.csv,0.289,0.06,50,100
1000_0.289000_8327.csv,0.289,0.11,28,99
1000_0.289000_8327.csv,0.289,0.16,19,99
1000_0.289000_8327.csv,0.289,0.21,15,90
1000_0.289000_8327.csv,0.289,0.26,12,76
1000_0.289000_8327.csv,0.289,0.31,10,49
1000_0.289000_8327.csv,0.289,0.36,9,47
1000_0.289000_8327.csv,0.289,0.41,8,30
1000_0.289000_8327.csv,0.289,0.46,7,23
1000_0.304000_4923.csv,0.304,0.01,300,100
1000_0.304000_4923.csv,0.304,0.06,50,100
1000_0.304000_4923.csv,0.304,0.11,28,100
1000_0.304000_4923.csv,0.304,0.16,19,97
1000_0.304000_4923.csv,0.304,0.21,15,90
1000_0.304000_4923.csv,0.304,0.26,12,75
1000_0.304000_4923.csv,0.304,0.31,10,51
1000_0.304000_4923.csv,0.304,0.36,9,53
1000_0.304000_4923.csv,0.304,0.41,8,34
1000_0.304000_4923.csv,0.304,0.46,7,26
1000_0.304000_6503.csv,0.304,0.01,300,100
1000_0.304000_6503.csv,0.304,0.06,50,100
1000_0.304000_6503.csv,0.304,0.11,28,100
1000_0.304000_6503.csv,0.304,0.16,19,99
1000_0.304000_6503.csv,0.304,0.21,15,84
1000_0.304000_6503.csv,0.304,0.26,12,78
1000_0.304000_6503.csv,0.304,0.31,10,67
1000_0.304000_6503.csv,0.304,0.36,9,54
1000_0.304000_6503.csv,0.304,0.41,8,47
1000_0.304000_6503.csv,0.304,0.46,7,30
1000_0.306000_3370.csv,0.306,0.01,300,100
1000_0.306000_3370.csv,0.306,0.06,50,100
1000_0.306000_3370.csv,0.306,0.11,28,100
1000_0.306000_3370.csv,0.306,0.16,19,96
1000_0.306000_3370.csv,0.306,0.21,15,91
1000_0.306000_3370.csv,0.306,0.26,12,79
1000_0.306000_3370.csv,0.306,0.31,10,61
1000_0.306000_3370.csv,0.306,0.36,9,49
1000_0.306000_3370.csv,0.306,0.41,8,37
1000_0.306000_3370.csv,0.306,0.46,7,27
1000_0.335000_9989.csv,0.335,0.01,300,100
1000_0.335000_9989.csv,0.335,0.06,50,100
1000_0.335000_9989.csv,0.335,0.11,28,100
1000_0.335000_9989.csv,0.335,0.16,19,100
1000_0.335000_9989.csv,0.335,0.21,15,94
1000_0.335000_9989.csv,0.335,0.26,12,76
1000_0.335000_9989.csv,0.335,0.31,10,58
1000_0.335000_9989.csv,0.335,0.36,9,55
1000_0.335000_9989.csv,0.335,0.41,8,45
1000_0.335000_9989.csv,0.335,0.46,7,28
1000_0.339000_8649.csv,0.339,0.01,300,100
1000_0.339000_8649.csv,0.339,0.06,50,100
1000_0.339000_8649.csv,0.339,0.11,28,100
1000_0.339000_8649.csv,0.339,0.16,19,96
1000_0.339000_8649.csv,0.339,0.21,15,95
1000_0.339000_8649.csv,0.339,0.26,12,72
1000_0.339000_8649.csv,0.339,0.31,10,68
1000_0.339000_8649.csv,0.339,0.36,9,49
1000_0.339000_8649.csv,0.339,0.41,8,43
1000_0.339000_8649.csv,0.339,0.46,7,32
1000_0.353000_7067.csv,0.353,0.01,300,100
1000_0.353000_7067.csv,0.353,0.06,50,100
1000_0.353000_7067.csv,0.353,0.11,28,100
1000_0.353000_7067.csv,0.353,0.16,19,99
1000_0.353000_7067.csv,0.353,0.21,15,92
1000_0.353000_7067.csv,0.353,0.26,12,85
1000_0.353000_7067.csv,0.353,0.31,10,68
1000_0.353000_7067.csv,0.353,0.36,9,48
1000_0.353000_7067.csv,0.353,0.41,8,41
1000_0.353000_7067.csv,0.353,0.46,7,34
1000_0.359000_1834.csv,0.359,0.01,300,100
1000_0.359000_1834.csv,0.359,0.06,50,100
1000_0.359000_1834.csv,0.359,0.11,28,100
1000_0.359000_1834.csv,0.359,0.16,19,100
1000_0.359000_1834.csv,0.359,0.21,15,97
1000_0.359000_1834.csv,0.359,0.26,12,83
1000_0.359000_1834.csv,0.359,0.31,10,61
1000_0.359000_1834.csv,0.359,0.36,9,55
1000_0.359000_1834.csv,0.359,0.41,8,37
1000_0.359000_1834.csv,0.359,0.46,7,28
1000_0.386000_1171.csv,0.386,0.01,300,100
1000_0.386000_1171.csv,0.386,0.06,50,100
1000_0.386000_1171.csv,0.386,0.11,28,100
1000_0.386000_1171.csv,0.386,0.16,19,100
1000_0.386000_1171.csv,0.386,0.21,15,97
1000_0.386000_1171.csv,0.386,0.26,12,87
1000_0.386000_1171.csv,0.386,0.31,10,69
1000_0.386000_1171.csv,0.386,0.36,9,64
1000_0.386000_1171.csv,0.386,0.41,8,41
1000_0.386000_1171.csv,0.386,0.46,7,36
1000_0.388000_7419.csv,0.388,0.01,300,100
1000_0.388000_7419.csv,0.388,0.06,50,100
1000_0.388000_7419.csv,0.388,0.11,28,100
1000_0.388000_7419.csv,0.388,0.16,19,99
1000_0.388000_7419.csv,0.388,0.21,15,96
1000_0.388000_7419.csv,0.388,0.26,12,90
1000_0.388000_7419.csv,0.388,0.31,10,70
1000_0.388000_7419.csv,0.388,0.36,9,60
1000_0.388000_7419.csv,0.388,0.41,8,46
1000_0.388000_7419.csv,0.388,0.46,7,41
1000_0.416000_3453.csv,0.416,0.01,300,100
1000_0.416000_3453.csv,0.416,0.06,50,100
1000_0.416000_3453.csv,0.416,0.11,28,100
1000_0.416000_3453.csv,0.416,0.16,19,99
1000_0.416000_3453.csv,0.416,0.21,15,99
1000_0.416000_3453.csv,0.416,0.26,12,84
1000_0.416000_3453.csv,0.416,0.31,10,77
1000_0.416000_3453.csv,0.416,0.36,9,60
1000_0.416000_3453.csv,0.416,0.41,8,56
1000_0.416000_3453.csv,0.416,0.46,7,37
1000_0.417000_2141.csv,0.417,0.01,300,100
1000_0.417000_2141.csv,0.417,0.06,50,100
1000_0.417000_2141.csv,0.417,0.11,28,100
1000_0.417000_2141.csv,0.417,0.16,19,100
1000_0.417000_2141.csv,0.417,0.21,15,98
1000_0.417000_2141.csv,0.417,0.26,12,85
1000_0.417000_2141.csv,0.417,0.31,10,79
1000_0.417000_2141.csv,0.417,0.36,9,60
1000_0.417000_2141.csv,0.417,0.41,8,37
1000_0.417000_2141.csv,0.417,0.46,7,34
1000_0.434000_6252.csv,0.434,0.01,300,100
1000_0.434000_6252.csv,0.434,0.06,50,100
1000_0.434000_6252.csv,0.434,0.11,28,100
1000_0.434000_6252.csv,0.434,0.16,19,100
1000_0.434000_6252.csv,0.434,0.21,15,95
1000_0.434000_6252.csv,0.434,0.26,12,92
1000_0.434000_6252.csv,0.434,0.31,10,71
1000_0.434000_6252.csv,0.434,0.36,9,70
1000_0.434000_6252.csv,0.434,0.41,8,56
1000_0.434000_6252.csv,0.434,0.46,7,34
1000_0.436000_5723.csv,0.436,0.01,300,100
1000_0.436000_5723.csv,0.436,0.06,50,100
1000_0.436000_5723.csv,0.436,0.11,28,100
1000_0.436000_5723.csv,0.436,0.16,19,100
1000_0.436000_5723.csv,0.436,0.21,15,99
1000_0.436000_5723.csv,0.436,0.26,12,89
1000_0.436000_5723.csv,0.436,0.31,10,80
1000_0.436000_5723.csv,0.436,0.36,9,60
1000_0.436000_5723.csv,0.436,0.41,8,49
1000_0.436000_5723.csv,0.436,0.46,7,41
1000_0.440000_8756.csv,0.44,0.01,300,100
1000_0.440000_8756.csv,0.44,0.06,50,100
1000_0.440000_8756.csv,0.44,0.11,28,100
1000_0.440000_8756.csv,0.44,0.16,19,99
1000_0.440000_8756.csv,0.44,0.21,15,96
1000_0.440000_8756.csv,0.44,0.26,12,89
1000_0.440000_8756.csv,0.44,0.31,10,78
1000_0.440000_8756.csv,0.44,0.36,9,67
1000_0.440000_8756.csv,0.44,0.41,8,55
1000_0.440000_8756.csv,0.44,0.46,7,30
1000_0.443000_3495.csv,0.443,0.01,300,100
1000_0.443000_3495.csv,0.443,0.06,50,100
1000_0.443000_3495.csv,0.443,0.11,28,100
1000_0.443000_3495.csv,0.443,0.16,19,100
1000_0.443000_3495.csv,0.443,0.21,15,96
1000_0.443000_3495.csv,0.443,0.26,12,91
1000_0.443000_3495.csv,0.443,0.31,10,78
1000_0.443000_3495.csv,0.443,0.36,9,68
1000_0.443000_3495.csv,0.443,0.41,8,56
1000_0.443000_3495.csv,0.443,0.46,7,32
1000_0.444000_2784.csv,0.444,0.01,300,100
1000_0.444000_2784.csv,0.444,0.06,50,100
1000_0.444000_2784.csv,0.444,0.11,28,100
1000_0.444000_2784.csv,0.444,0.16,19,100
1000_0.444000_2784.csv,0.444,0.21,15,100
1000_0.444000_2784.csv,0.444,0.26,12,92
1000_0.444000_2784.csv,0.444,0.31,10,76
1000_0.444000_2784.csv,0.444,0.36,9,61
1000_0.444000_2784.csv,0.444,0.41,8,43
1000_0.444000_2784.csv,0.444,0.46,7,33
1500_0.000000_5566.csv,0,0.01,300,100
1500_0.000000_5566.csv,0,0.06,50,100
1500_0.000000_5566.csv,0,0.11,28,100
1500_0.000000_5566.csv,0,0.16,19,100
1500_0.000000_5566.csv,0,0.21,15,100
1500_0.000000_5566.csv,0,0.26,12,100
1500_0.000000_5566.csv,0,0.31,10,100
1500_0.000000_5566.csv,0,0.36,9,100
1500_0.000000_5566.csv,0,0.41,8,100
1500_0.000000_5566.csv,0,0.46,7,100
1500_0.000667_4611.csv,0.000667,0.01,300,0
1500_0.000667_4611.csv,0.000667,0.06,50,0
1500_0.000667_4611.csv,0.000667,0.11,28,0
1500_0.000667_4611.csv,0.000667,0.16,19,0
1500_0.000667_4611.csv,0.000667,0.21,15,0
1500_0.000667_4611.csv,0.000667,0.26,12,0
1500_0.000667_4611.csv,0.000667,0.31,10,0
1500_0.000667_4611.csv,0.000667,0.36,9,0
1500_0.000667_4611.csv,0.000667,0.41,8,0
1500_0.000667_4611.csv,0.000667,0.46,7,0
1500_0.002000_4478.csv,0.002,0.01,300,12
1500_0.002000_4478.csv,0.002,0.06,50,0
1500_0.002000_4478.csv,0.002,0.11,28,0
1500_0.002000_4478.csv,0.002,0.16,19,0
1500_0.002000_4478.csv,0.002,0.21,15,0
1500_0.002000_4478.csv,0.002,0.26,12,0
1500_0.002000_4478.csv,0.002,0.31,10,0
1500_0.002000_4478.csv,0.002,0.36,9,0
1500_0.002000_4478.csv,0.002,0.41,8,0
1500_0.002000_4478.csv,0.002,0.46,7,0
1500_0.016667_2928.csv,0.016667,0.01,300,96
1500_0.016667_2928.csv,0.016667,0.06,50,11
1500_0.016667_2928.csv,0.016667,0.11,28,2
1500_0.016667_2928.csv,0.016667,0.16,19,0
1500_0.016667_2928.csv,0.016667,0.21,15,0
1500_0.016667_2928.csv,0.016667,0.26,12,0
1500_0.016667_2928.csv,0.016667,0.31,10,0
1500_0.016667_2928.csv,0.016667,0.36,9,0
1500_0.016667_2928.csv,0.016667,0.41,8,0
1500_0.016667_2928.csv,0.016667,0.46,7,0
1500_0.092667_9516.csv,0.092667,0.01,300,100
1500_0.092667_9516.csv,0.092667,0.06,50,92
1500_0.092667_9516.csv,0.092667,0.11,28,53
1500_0.092667_9516.csv,0.092667,0.16,19,36
1500_0.092667_9516.csv,0.092667,0.21,15,22
1500_0.092667_9516.csv,0.092667,0.26,12,15
1500_0.092667_9516.csv,0.092667,0.31,10,9
1500_0.092667_9516.csv,0.092667,0.36,9,9
1500_0.092667_9516.csv,0.092667,0.41,8,3
1500_0.092667_9516.csv,0.092667,0.46,7,1
1500_0.094000_9785.csv,0.094,0.01,300,100
1500_0.094000_9785.csv,0.094,0.06,50,92
1500_0.094000_9785.csv,0.094,0.11,28,70
1500_0.094000_9785.csv,0.094,0.16,19,42
1500_0.094000_9785.csv,0.094,0.21,15,23
1500_0.094000_9785.csv,0.094,0.26,12,12
1500_0.094000_9785.csv,0.094,0.31,10,7
1500_0.094000_9785.csv,0.094,0.36,9,7
1500_0.094000_9785.csv,0.094,0.41,8,5
1500_0.094000_9785.csv,0.094,0.46,7,3
1500_0.099333_2414.csv,0.099333,0.01,300,100
1500_0.099333_2414.csv,0.099333,0.06,50,94
1500_0.099333_2414.csv,0.099333,0.11,28,68
1500_0.099333_2414.csv,0.099333,0.16,19,42
1500_0.099333_2414.csv,0.099333,0.21,15,24
1500_0.099333_2414.csv,0.099333,0.26,12,19
1500_0.099333_2414.csv,0.099333,0.31,10,16
1500_0.099333_2414.csv,0.099333,0.36,9,6
1500_0.099333_2414.csv,0.099333,0.41,8,5
1500_0.099333_2414.csv,0.099333,0.46,7,4
1500_0.141333_2391.csv,0.141333,0.01,300,100
1500_0.141333_2391.csv,0.141333,0.06,50,100
1500_0.141333_2391.csv,0.141333,0.11,28,86
1500_0.141333_2391.csv,0.141333,0.16,19,57
1500_0.141333_2391.csv,0.141333,0.21,15,38
1500_0.141333_2391.csv,0.141333,0.26,12,24
1500_0.141333_2391.csv,0.141333,0.31,10,16
1500_0.141333_2391.csv,0.141333,0.36,9,9
1500_0.141333_2391.csv,0.141333,0.41,8,10
1500_0.141333_2391.csv,0.141333,0.46,7,6
1500_0.166000_8104.csv,0.166,0.01,300,100
1500_0.166000_8104.csv,0.166,0.06,50,99
1500_0.166000_8104.csv,0.166,0.11,28,95
1500_0.166000_8104.csv,0.166,0.16,19,73
1500_0.166000_8104.csv,0.166,0.21,15,60
1500_0.166000_8104.csv,0.166,0.26,12,48
1500_0.166000_8104.csv,0.166,0.31,10,35
1500_0.166000_8104.csv,0.166,0.36,9,33
1500_0.166000_8104.csv,0.166,0.41,8,15
1500_0.166000_8104.csv,0.166,0.46,7,9
1500_0.204667_4680.csv,0.204667,0.01,300,100
1500_0.204667_4680.csv,0.204667,0.06,50,100
1500_0.204667_4680.csv,0.204667,0.11,28,97
1500_0.204667_4680.csv,0.204667,0.16,19,81
1500_0.204667_4680.csv,0.204667,0.21,15,78
1500_0.204667_4680.csv,0.204667,0.26,12,54
1500_0.204667_4680.csv,0.204667,0.31,10,36
1500_0.204667_4680.csv,0.204667,0.36,9,29
1500_0.204667_4680.csv,0.204667,0.41,8,19
1500_0.204667_4680.csv,0.204667,0.46,7,19
1500_0.248000_2477.csv,0.248,0.01,300,100
1500_0.248000_2477.csv,0.248,0.06,50,100
1500_0.248000_2477.csv,0.248,0.11,28,99
1500_0.248000_2477.csv,0.248,0.16,19,85
1500_0.248000_2477.csv,0.248,0.21,15,77
1500_0.248000_2477.csv,0.248,0.26,12,65
1500_0.248000_2477.csv,0.248,0.31,10,49
1500_0.248000_2477.csv,0.248,0.36,9,32
1500_0.248000_2477.csv,0.248,0.41,8,22
1500_0.248000_2477.csv,0.248,0.46,7,15
1500_0.315333_9005.csv,0.315333,0.01,300,100
1500_0.315333_9005.csv,0.315333,0.06,50,100
1500_0.315333_9005.csv,0.315333,0.11,28,100
1500_0.315333_9005.csv,0.315333,0.16,19,92
1500_0.315333_9005.csv,0.315333,0.21,15,89
1500_0.315333_9005.csv,0.315333,0.26,12,87
1500_0.315333_9005.csv,0.315333,0.31,10,49
1500_0.315333_9005.csv,0.315333,0.36,9,54
1500_0.315333_9005.csv,0.315333,0.41,8,36
1500_0.315333_9005.csv,0.315333,0.46,7,23
1500_0.327333_2623.csv,0.327333,0.01,300,100
1500_0.327333_2623.csv,0.327333,0.06,50,100
1500_0.327333_2623.csv,0.327333,0.11,28,100
1500_0.327333_2623.csv,0.327333,0.16,19,99
1500_0.327333_2623.csv,0.327333,0.21,15,90
1500_0.327333_2623.csv,0.327333,0.26,12,78
1500_0.327333_2623.csv,0.327333,0.31,10,61
1500_0.327333_2623.csv,0.327333,0.36,9,52
1500_0.327333_2623.csv,0.327333,0.41,8,40
1500_0.327333_2623.csv,0.327333,0.46,7,22
1500_0.340000_2435.csv,0.34,0.01,300,100
1500_0.340000_2435.csv,0.34,0.06,50,100
1500_0.340000_2435.csv,0.34,0.11,28,100
1500_0.340000_2435.csv,0.34,0.16,19,99
1500_0.340000_2435.csv,0.34,0.21,15,93
1500_0.340000_2435.csv,0.34,0.26,12,81
1500_0.340000_2435.csv,0.34,0.31,10,58
1500_0.340000_2435.csv,0.34,0.36,9,56
1500_0.340000_2435.csv,0.34,0.41,8,43
1500_0.340000_2435.csv,0.34,0.46,7,28
1500_0.357333_1503.csv,0.357333,0.01,300,100
1500_0.357333_1503.csv,0.357333,0.06,50,100
1500_0.357333_1503.csv,0.357333,0.11,28,100
1500_0.357333_1503.csv,0.357333,0.16,19,100
1500_0.357333_1503.csv,0.357333,0.21,15,96
1500_0.357333_1503.csv,0.357333,0.26,12,76
1500_0.357333_1503.csv,0.357333,0.31,10,65
1500_0.357333_1503.csv,0.357333,0.36,9,54
1500_0.357333_1503.csv,0.357333,0.41,8,35
1500_0.357333_1503.csv,0.357333,0.46,7,32
1500_0.366667_9432.csv,0.366667,0.01,300,100
1500_0.366667_9432.csv,0.366667,0.06,50,100
1500_0.366667_9432.csv,0.366667,0.11,28,100
1500_0.366667_9432.csv,0.366667,0.16,19,100
1500_0.366667_9432.csv,0.366667,0.21,15,95
1500_0.366667_9432.csv,0.366667,0.26,12,90
1500_0.366667_9432.csv,0.366667,0.31,10,61
1500_0.366667_9432.csv,0.366667,0.36,9,62
1500_0.366667_9432.csv,0.366667,0.41,8,39
1500_0.366667_9432.csv,0.366667,0.46,7,33
1500_0.370000_4397.csv,0.37,0.01,300,100
1500_0.370000_4397.csv,0.37,0.06,50,100
1500_0.370000_4397.csv,0.37,0.11,28,100
1500_0.370000_4397.csv,0.37,0.16,19,99
1500_0.370000_4397.csv,0.37,0.21,15,97
1500_0.370000_4397.csv,0.37,0.26,12,84
1500_0.370000_4397.csv,0.37,0.31,10,64
1500_0.370000_4397.csv,0.37,0.36,9,54
1500_0.370000_4397.csv,0.37,0.41,8,48
1500_0.370000_4397.csv,0.37,0.46,7,31
1500_0.393333_1277.csv,0.393333,0.01,300,100
1500_0.393333_1277.csv,0.393333,0.06,50,100
1500_0.393333_1277.csv,0.393333,0.11,28,100
1500_0.393333_1277.csv,0.393333,0.16,19,100
1500_0.393333_1277.csv,0.393333,0.21,15,96
1500_0.393333_1277.csv,0.393333,0.26,12,87
1500_0.393333_1277.csv,0.393333,0.31,10,63
1500_0.393333_1277.csv,0.393333,0.36,9,57
1500_0.393333_1277.csv,0.393333,0.41,8,54
1500_0.393333_1277.csv,0.393333,0.46,7,28
1500_0.418667_5274.csv,0.418667,0.01,300,100
1500_0.418667_5274.csv,0.418667,0.06,50,100
1500_0.418667_5274.csv,0.418667,0.11,28,100
1500_0.418667_5274.csv,0.418667,0.16,19,100
1500_0.418667_5274.csv,0.418667,0.21,15,96
1500_0.418667_5274.csv,0.418667,0.26,12,88
1500_0.418667_5274.csv,0.418667,0.31,10,82
1500_0.418667_5274.csv,0.418667,0.36,9,63
1500_0.418667_5274.csv,0.418667,0.41,8,53
1500_0.418667_5274.csv,0.418667,0.46,7,26
1500_0.420667_4454.csv,0.420667,0.01,300,100
1500_0.420667_4454.csv,0.420667,0.06,50,100
1500_0.420667_4454.csv,0.420667,0.11,28,100
1500_0.420667_4454.csv,0.420667,0.16,19,99
1500_0.420667_4454.csv,0.420667,0.21,15,96
1500_0.420667_4454.csv,0.420667,0.26,12,86
1500_0.420667_4454.csv,0.420667,0.31,10,71
1500_0.420667_4454.csv,0.420667,0.36,9,65
1500_0.420667_4454.csv,0.420667,0.41,8,47
1500_0.420667_4454.csv,0.420667,0.46,7,32
1500_0.429333_7062.csv,0.429333,0.01,300,100
1500_0.429333_7062.csv,0.429333,0.06,50,100
1500_0.429333_7062.csv,0.429333,0.11,28,100
1500_0.429333_7062.csv,0.429333,0.16,19,100
1500_0.429333_7062.csv,0.429333,0.21,15,96
1500_0.429333_7062.csv,0.429333,0.26,12,90
1500_0.429333_7062.csv,0.429333,0.31,10,72
1500_0.429333_7062.csv,0.429333,0.36,9,61
1500_0.429333_7062.csv,0.429333,0.41,8,49
1500_0.429333_7062.csv,0.429333,0.46,7,39
1500_0.444000_9914.csv,0.444,0.01,300,100
1500_0.444000_9914.csv,0.444,0.06,50,100
1500_0.444000_9914.csv,0.444,0.11,28,100
1500_0.444000_9914.csv,0.444,0.16,19,99
1500_0.444000_9914.csv,0.444,0.21,15,95
1500_0.444000_9914.csv,0.444,0.26,12,93
1500_0.444000_9914.csv,0.444,0.31,10,73
1500_0.444000_9914.csv,0.444,0.36,9,60
1500_0.444000_9914.csv,0.444,0.41,8,54
1500_0.444000_9914.csv,0.444,0.46,7,33
1500_0.452000_7835.csv,0.452,0.01,300,100
1500_0.452000_7835.csv,0.452,0.06,50,100
1500_0.452000_7835.csv,0.452,0.11,28,100
1500_0.452000_7835.csv,0.452,0.16,19,100
1500_0.452000_7835.csv,0.452,0.21,15,99
1500_0.452000_7835.csv,0.452,0.26,12,91
1500_0.452000_7835.csv,0.452,0.31,10,75
1500_0.452000_7835.csv,0.452,0.36,9,69
1500_0.452000_7835.csv,0.452,0.41,8,49
1500_0.452000_7835.csv,0.452,0.46,7,40
1500_0.453333_7599.csv,0.453333,0.01,300,100
1500_0.453333_7599.csv,0.453333,0.06,50,100
1500_0.453333_7599.csv,0.453333,0.11,28,100
1500_0.453333_7599.csv,0.453333,0.16,19,100
1500_0.453333_7599.csv,0.453333,0.21,15,98
1500_0.453333_7599.csv,0.453333,0.26,12,89
1500_0.453333_7599.csv,0.453333,0.31,10,77
1500_0.453333_7599.csv,0.453333,0.36,9,59
1500_0.453333_7599.csv,0.453333,0.41,8,52
1500_0.453333_7599.csv,0.453333,0.46,7,40
2000_0.000500_8178.csv,0.0005,0.01,300,0
2000_0.000500_8178.csv,0.0005,0.06,50,0
2000_0.000500_8178.csv,0.0005,0.11,28,0
2000_0.000500_8178.csv,0.0005,0.16,19,0
2000_0.000500_8178.csv,0.0005,0.21,15,0
2000_0.000500_8178.csv,0.0005,0.26,12,0
2000_0.000500_8178.csv,0.0005,0.31,10,0
2000_0.000500_8178.csv,0.0005,0.36,9,0
2000_0.000500_8178.csv,0.0005,0.41,8,0
2000_0.000500_8178.csv,0.0005,0.46,7,0
2000_0.001500_1804.csv,0.0015,0.01,300,6
2000_0.001500_1804.csv,0.0015,0.06,50,0
2000_0.001500_1804.csv,0.0015,0.11,28,0
2000_0.001500_1804.csv,0.0015,0.16,19,0
2000_0.001500_1804.csv,0.0015,0.21,15,0
2000_0.001500_1804.csv,0.0015,0.26,12,0
2000_0.001500_1804.csv,0.0015,0.31,10,0
2000_0.001500_1804.csv,0.0015,0.36,9,0
2000_0.001500_1804.csv,0.0015,0.41,8,0
2000_0.001500_1804.csv,0.0015,0.46,7,0
2000_0.011000_9041.csv,0.011,0.01,300,86
2000_0.011000_9041.csv,0.011,0.06,50,6
2000_0.011000_9041.csv,0.011,0.11,28,0
2000_0.011000_9041.csv,0.011,0.16,19,2
2000_0.011000_9041.csv,0.011,0.21,15,0
2000_0.011000_9041.csv,0.011,0.26,12,0
2000_0.011000_9041.csv,0.011,0.31,10,0
2000_0.011000_9041.csv,0.011,0.36,9,0
2000_0.011000_9041.csv,0.011,0.41,8,0
2000_0.011000_9041.csv,0.011,0.46,7,0
2000_0.072000_9140.csv,0.072,0.01,300,100
2000_0.072000_9140.csv,0.072,0.06,50,77
2000_0.072000_9140.csv,0.072,0.11,28,39
2000_0.072000_9140.csv,0.072,0.16,19,29
2000_0.072000_9140.csv,0.072,0.21,15,8
2000_0.072000_9140.csv,0.072,0.26,12,6
2000_0.072000_9140.csv,0.072,0.31,10,1
2000_0.072000_9140.csv,0.072,0.36,9,5
2000_0.072000_9140.csv,0.072,0.41,8,2
2000_0.072000_9140.csv,0.072,0.46,7,3
2000_0.148500_5519.csv,0.1485,0.01,300,100
2000_0.148500_5519.csv,0.1485,0.06,50,100
2000_0.148500_5519.csv,0.1485,0.11,28,88
2000_0.148500_5519.csv,0.1485,0.16,19,67
2000_0.148500_5519.csv,0.1485,0.21,15,55
2000_0.148500_5519.csv,0.1485,0.26,12,44
2000_0.148500_5519.csv,0.1485,0.31,10,26
2000_0.148500_5519.csv,0.1485,0.36,9,24
2000_0.148500_5519.csv,0.1485,0.41,8,17
2000_0.148500_5519.csv,0.1485,0.46,7,8
2000_0.193500_3464.csv,0.1935,0.01,300,100
2000_0.193500_3464.csv,0.1935,0.06,50,100
2000_0.193500_3464.csv,0.1935,0.11,28,96
2000_0.193500_3464.csv,0.1935,0.16,19,79
2000_0.193500_3464.csv,0.1935,0.21,15,69
2000_0.193500_3464.csv,0.1935,0.26,12,35
2000_0.193500_3464.csv,0.1935,0.31,10,40
2000_0.193500_3464.csv,0.1935,0.36,9,29
2000_0.193500_3464.csv,0.1935,0.41,8,16
2000_0.193500_3464.csv,0.1935,0.46,7,9
2000_0.241000_8798.csv,0.241,0.01,300,100
2000_0.241000_8798.csv,0.241,0.06,50,100
2000_0.241000_8798.csv,0.241,0.11,28,98
2000_0.241000_8798.csv,0.241,0.16,19,93
2000_0.241000_8798.csv,0.241,0.21,15,76
2000_0.241000_8798.csv,0.241,0.26,12,56
2000_0.241000_8798.csv,0.241,0.31,10,49
2000_0.241000_8798.csv,0.241,0.36,9,32
2000_0.241000_8798.csv,0.241,0.41,8,23
2000_0.241000_8798.csv,0.241,0.46,7,19
2000_0.244500_7792.csv,0.2445,0.01,300,100
2000_0.244500_7792.csv,0.2445,0.06,50,100
2000_0.244500_7792.csv,0.2445,0.11,28,99
2000_0.244500_7792.csv,0.2445,0.16,19,93
2000_0.244500_7792.csv,0.2445,0.21,15,87
2000_0.244500_7792.csv,0.2445,0.26,12,56
2000_0.244500_7792.csv,0.2445,0.31,10,64
2000_0.244500_7792.csv,0.2445,0.36,9,43
2000_0.244500_7792.csv,0.2445,0.41,8,38
2000_0.244500_7792.csv,0.2445,0.46,7,23
2000_0.258000_5893.csv,0.258,0.01,300,100
2000_0.258000_5893.csv,0.258,0.06,50,100
2000_0.258000_5893.csv,0.258,0.11,28,99
2000_0.258000_5893.csv,0.258,0.16,19,92
2000_0.258000_5893.csv,0.258,0.21,15,82
2000_0.258000_5893.csv,0.258,0.26,12,55
2000_0.258000_5893.csv,0.258,0.31,10,48
2000_0.258000_5893.csv,0.258,0.36,9,32
2000_0.258000_5893.csv,0.258,0.41,8,35
2000_0.258000_5893.csv,0.258,0.46,7,20
2000_0.278500_6910.csv,0.2785,0.01,300,100
2000_0.278500_6910.csv,0.2785,0.06,50,100
2000_0.278500_6910.csv,0.2785,0.11,28,99
2000_0.278500_6910.csv,0.2785,0.16,19,97
2000_0.278500_6910.csv,0.2785,0.21,15,89
2000_0.278500_6910.csv,0.2785,0.26,12,70
2000_0.278500_6910.csv,0.2785,0.31,10,51
2000_0.278500_6910.csv,0.2785,0.36,9,43
2000_0.278500_6910.csv,0.2785,0.41,8,35
2000_0.278500_6910.csv,0.2785,0.46,7,20
2000_0.298500_6067.csv,0.2985,0.01,300,100
2000_0.298500_6067.csv,0.2985,0.06,50,100
2000_0.298500_6067.csv,0.2985,0.11,28,100
2000_0.298500_6067.csv,0.2985,0.16,19,99
2000_0.298500_6067.csv,0.2985,0.21,15,86
2000_0.298500_6067.csv,0.2985,0.26,12,62
2000_0.298500_6067.csv,0.2985,0.31,10,61
2000_0.298500_6067.csv,0.2985,0.36,9,47
2000_0.298500_6067.csv,0.2985,0.41,8,42
2000_0.298500_6067.csv,0.2985,0.46,7,20
2000_0.351000_3974.csv,0.351,0.01,300,100
2000_0.351000_3974.csv,0.351,0.06,50,100
2000_0.351000_3974.csv,0.351,0.11,28,100
2000_0.351000_3974.csv,0.351,0.16,19,96
2000_0.351000_3974.csv,0.351,0.21,15,94
2000_0.351000_3974.csv,0.351,0.26,12,83
2000_0.351000_3974.csv,0.351,0.31,10,70
2000_0.351000_3974.csv,0.351,0.36,9,57
2000_0.351000_3974.csv,0.351,0.41,8,38
2000_0.351000_3974.csv,0.351,0.46,7,31
2000_0.365000_1821.csv,0.365,0.01,300,100
2000_0.365000_1821.csv,0.365,0.06,50,100
2000_0.365000_1821.csv,0.365,0.11,28,100
2000_0.365000_1821.csv,0.365,0.16,19,100
2000_0.365000_1821.csv,0.365,0.21,15,97
2000_0.365000_1821.csv,0.365,0.26,12,83
2000_0.365000_1821.csv,0.365,0.31,10,67
2000_0.365000_1821.csv,0.365,0.36,9,65
2000_0.365000_1821.csv,0.365,0.41,8,48
2000_0.365000_1821.csv,0.365,0.46,7,24
2000_0.372000_3933.csv,0.372,0.01,300,100
2000_0.372000_3933.csv,0.372,0.06,50,100
2000_0.372000_3933.csv,0.372,0.11,28,100
2000_0.372000_3933.csv,0.372,0.16,19,99
2000_0.372000_3933.csv,0.372,0.21,15,96
2000_0.372000_3933.csv,0.372,0.26,12,86
2000_0.372000_3933.csv,0.372,0.31,10,60
2000_0.372000_3933.csv,0.372,0.36,9,54
2000_0.372000_3933.csv,0.372,0.41,8,47
2000_0.372000_3933.csv,0.372,0.46,7,29
2000_0.438000_7366.csv,0.438,0.01,300,100
2000_0.438000_7366.csv,0.438,0.06,50,100
2000_0.438000_7366.csv,0.438,0.11,28,100
2000_0.438000_7366.csv,0.438,0.16,19,100
2000_0.438000_7366.csv,0.438,0.21,15,96
2000_0.438000_7366.csv,0.438,0.26,12,88
2000_0.438000_7366.csv,0.438,0.31,10,80
2000_0.438000_7366.csv,0.438,0.36,9,66
2000_0.438000_7366.csv,0.438,0.41,8,41
2000_0.438000_7366.csv,0.438,0.46,7,25
2000_0.464500_2674.csv,0.4645,0.01,300,100
2000_0.464500_2674.csv,0.4645,0.06,50,100
2000_0.464500_2674.csv,0.4645,0.11,28,100
2000_0.464500_2674.csv,0.4645,0.16,19,100
2000_0.464500_2674.csv,0.4645,0.21,15,98
2000_0.464500_2674.csv,0.4645,0.26,12,91
2000_0.464500_2674.csv,0.4645,0.31,10,75
2000_0.464500_2674.csv,0.4645,0.36,9,64
2000_0.464500_2674.csv,0.4645,0.41,8,50
2000_0.464500_2674.csv,0.4645,0.46,7,28
2500_0.001600_9520.csv,0.0016,0.01,300,0
2500_0.001600_9520.csv,0.0016,0.06,50,0
2500_0.001600_9520.csv,0.0016,0.11,28,0
2500_0.001600_9520.csv,0.0016,0.16,19,0
2500_0.001600_9520.csv,0.0016,0.21,15,0
2500_0.001600_9520.csv,0.0016,0.26,12,0
2500_0.001600_9520.csv,0.0016,0.31,10,0
2500_0.001600_9520.csv,0.0016,0.36,9,0
2500_0.001600_9520.csv,0.0016,0.41,8,0
2500_0.001600_9520.csv,0.0016,0.46,7,0
2500_0.002000_2438.csv,0.002,0.01,300,1
2500_0.002000_2438.csv,0.002,0.06,50,0
2500_0.002000_2438.csv,0.002,0.11,28,0
2500_0.002000_2438.csv,0.002,0.16,19,0
2500_0.002000_2438.csv,0.002,0.21,15,0
2500_0.002000_2438.csv,0.002,0.26,12,0
2500_0.002000_2438.csv,0.002,0.31,10,0
2500_0.002000_2438.csv,0.002,0.36,9,0
2500_0.002000_2438.csv,0.002,0.41,8,0
2500_0.002000_2438.csv,0.002,0.46,7,0
2500_0.026000_9559.csv,0.026,0.01,300,99
2500_0.026000_9559.csv,0.026,0.06,50,29
2500_0.026000_9559.csv,0.026,0.11,28,3
2500_0.026000_9559.csv,0.026,0.16,19,2
2500_0.026000_9559.csv,0.026,0.21,15,0
2500_0.026000_9559.csv,0.026,0.26,12,1
2500_0.026000_9559.csv,0.026,0.31,10,0
2500_0.026000_9559.csv,0.026,0.36,9,0
2500_0.026000_9559.csv,0.026,0.41,8,0
2500_0.026000_9559.csv,0.026,0.46,7,0
2500_0.083200_7896.csv,0.0832,0.01,300,100
2500_0.083200_7896.csv,0.0832,0.06,50,87
2500_0.083200_7896.csv,0.0832,0.11,28,55
2500_0.083200_7896.csv,0.0832,0.16,19,41
2500_0.083200_7896.csv,0.0832,0.21,15,19
2500_0.083200_7896.csv,0.0832,0.26,12,20
2500_0.083200_7896.csv,0.0832,0.31,10,9
2500_0.083200_7896.csv,0.0832,0.36,9,8
2500_0.083200_7896.csv,0.0832,0.41,8,6
2500_0.083200_7896.csv,0.0832,0.46,7,1
2500_0.101600_8875.csv,0.1016,0.01,300,100
2500_0.101600_8875.csv,0.1016,0.06,50,93
2500_0.101600_8875.csv,0.1016,0.11,28,70
2500_0.101600_8875.csv,0.1016,0.16,19,33
2500_0.101600_8875.csv,0.1016,0.21,15,32
2500_0.101600_8875.csv,0.1016,0.26,12,15
2500_0.101600_8875.csv,0.1016,0.31,10,11
2500_0.101600_8875.csv,0.1016,0.36,9,6
2500_0.101600_8875.csv,0.1016,0.41,8,4
2500_0.101600_8875.csv,0.1016,0.46,7,3
2500_0.114800_7613.csv,0.1148,0.01,300,100
2500_0.114800_7613.csv,0.1148,0.06,50,98
2500_0.114800_7613.csv,0.1148,0.11,28,73
2500_0.114800_7613.csv,0.1148,0.16,19,53
2500_0.114800_7613.csv,0.1148,0.21,15,29
2500_0.114800_7613.csv,0.1148,0.26,12,26
2500_0.114800_7613.csv,0.1148,0.31,10,17
2500_0.114800_7613.csv,0.1148,0.36,9,17
2500_0.114800_7613.csv,0.1148,0.41,8,10
2500_0.114800_7613.csv,0.1148,0.46,7,3
2500_0.194800_5742.csv,0.1948,0.01,300,100
2500_0.194800_5742.csv,0.1948,0.06,50,100
2500_0.194800_5742.csv,0.1948,0.11,28,94
2500_0.194800_5742.csv,0.1948,0.16,19,79
2500_0.194800_5742.csv,0.1948,0.21,15,67
2500_0.194800_5742.csv,0.1948,0.26,12,47
2500_0.194800_5742.csv,0.1948,0.31,10,34
2500_0.194800_5742.csv,0.1948,0.36,9,25
2500_0.194800_5742.csv,0.1948,0.41,8,21
2500_0.194800_5742.csv,0.1948,0.46,7,12
2500_0.227600_3657.csv,0.2276,0.01,300,100
2500_0.227600_3657.csv,0.2276,0.06,50,100
2500_0.227600_3657.csv,0.2276,0.11,28,98
2500_0.227600_3657.csv,0.2276,0.16,19,86
2500_0.227600_3657.csv,0.2276,0.21,15,78
2500_0.227600_3657.csv,0.2276,0.26,12,51
2500_0.227600_3657.csv,0.2276,0.31,10,53
2500_0.227600_3657.csv,0.2276,0.36,9,34
2500_0.227600_3657.csv,0.2276,0.41,8,15
2500_0.227600_3657.csv,0.2276,0.46,7,21
2500_0.245600_4749.csv,0.2456,0.01,300,100
2500_0.245600_4749.csv,0.2456,0.06,50,100
2500_0.245600_4749.csv,0.2456,0.11,28,99
2500_0.245600_4749.csv,0.2456,0.16,19,95
2500_0.245600_4749.csv,0.2456,0.21,15,79
2500_0.245600_4749.csv,0.2456,0.26,12,65
2500_0.245600_4749.csv,0.2456,0.31,10,48
2500_0.245600_4749.csv,0.2456,0.36,9,41
2500_0.245600_4749.csv,0.2456,0.41,8,25
2500_0.245600_4749.csv,0.2456,0.46,7,20
2500_0.283200_3830.csv,0.2832,0.01,300,100
2500_0.283200_3830.csv,0.2832,0.06,50,100
2500_0.283200_3830.csv,0.2832,0.11,28,100
2500_0.283200_3830.csv,0.2832,0.16,19,96
2500_0.283200_3830.csv,0.2832,0.21,15,82
2500_0.283200_3830.csv,0.2832,0.26,12,66
2500_0.283200_3830.csv,0.2832,0.31,10,53
2500_0.283200_3830.csv,0.2832,0.36,9,40
2500_0.283200_3830.csv,0.2832,0.41,8,36
2500_0.283200_3830.csv,0.2832,0.46,7,19
2500_0.288800_3138.csv,0.2888,0.01,300,100
2500_0.288800_3138.csv,0.2888,0.06,50,100
2500_0.288800_3138.csv,0.2888,0.11,28,100
2500_0.288800_3138.csv,0.2888,0.16,19,96
2500_0.288800_3138.csv,0.2888,0.21,15,83
2500_0.288800_3138.csv,0.2888,0.26,12,63
2500_0.288800_3138.csv,0.2888,0.31,10,49
2500_0.288800_3138.csv,0.2888,0.36,9,47
2500_0.288800_3138.csv,0.2888,0.41,8,34
2500_0.288800_3138.csv,0.2888,0.46,7,26
2500_0.330400_3437.csv,0.3304,0.01,300,100
2500_0.330400_3437.csv,0.3304,0.06,50,100
2500_0.330400_3437.csv,0.3304,0.11,28,100
2500_0.330400_3437.csv,0.3304,0.16,19,97
2500_0.330400_3437.csv,0.3304,0.21,15,94
2500_0.330400_3437.csv,0.3304,0.26,12,84
2500_0.330400_3437.csv,0.3304,0.31,10,58
2500_0.330400_3437.csv,0.3304,0.36,9,46
2500_0.330400_3437.csv,0.3304,0.41,8,40
2500_0.330400_3437.csv,0.3304,0.46,7,28
2500_0.380400_9516.csv,0.3804,0.01,300,100
2500_0.380400_9516.csv,0.3804,0.06,50,100
2500_0.380400_9516.csv,0.3804,0.11,28,100
2500_0.380400_9516.csv,0.3804,0.16,19,100
2500_0.380400_9516.csv,0.3804,0.21,15,96
2500_0.380400_9516.csv,0.3804,0.26,12,86
2500_0.380400_9516.csv,0.3804,0.31,10,72
2500_0.380400_9516.csv,0.3804,0.36,9,64
2500_0.380400_9516.csv,0.3804,0.41,8,52
2500_0.380400_9516.csv,0.3804,0.46,7,27
2500_0.436000_8862.csv,0.436,0.01,300,100
2500_0.436000_8862.csv,0.436,0.06,50,100
2500_0.436000_8862.csv,0.436,0.11,28,100
2500_0.436000_8862.csv,0.436,0.16,19,99
2500_0.436000_8862.csv,0.436,0.21,15,97
2500_0.436000_8862.csv,0.436,0.26,12,81
2500_0.436000_8862.csv,0.436,0.31,10,75
2500_0.436000_8862.csv,0.436,0.36,9,64
2500_0.436000_8862.csv,0.436,0.41,8,50
2500_0.436000_8862.csv,0.436,0.46,7,36
2500_0.460000_9376.csv,0.46,0.01,300,100
2500_0.460000_9376.csv,0.46,0.06,50,100
2500_0.460000_9376.csv,0.46,0.11,28,100
2500_0.460000_9376.csv,0.46,0.16,19,100
2500_0.460000_9376.csv,0.46,0.21,15,98
2500_0.460000_9376.csv,0.46,0.26,12,90
2500_0.460000_9376.csv,0.46,0.31,10,75
2500_0.460000_9376.csv,0.46,0.36,9,54
2500_0.460000_9376.csv,0.46,0.41,8,47
2500_0.460000_9376.csv,0.46,0.46,7,23
3000_0.000000_3696.csv,0,0.01,300,100
3000_0.000000_3696.csv,0,0.06,50,100
3000_0.000000_3696.csv,0,0.11,28,100
3000_0.000000_3696.csv,0,0.16,19,100
3000_0.000000_3696.csv,0,0.21,15,100
3000_0.000000_3696.csv,0,0.26,12,100
3000_0.000000_3696.csv,0,0.31,10,100
3000_0.000000_3696.csv,0,0.36,9,100
3000_0.000000_3696.csv,0,0.41,8,100
3000_0.000000_3696.csv,0,0.46,7,100
3000_0.000667_9362.csv,0.000667,0.01,300,0
3000_0.000667_9362.csv,0.000667,0.06,50,0
3000_0.000667_9362.csv,0.000667,0.11,28,0
3000_0.000667_9362.csv,0.000667,0.16,19,0
3000_0.000667_9362.csv,0.000667,0.21,15,0
3000_0.000667_9362.csv,0.000667,0.26,12,0
3000_0.000667_9362.csv,0.000667,0.31,10,0
3000_0.000667_9362.csv,0.000667,0.36,9,0
3000_0.000667_9362.csv,0.000667,0.41,8,0
3000_0.000667_9362.csv,0.000667,0.46,7,0
3000_0.001333_2386.csv,0.001333,0.01,300,0
3000_0.001333_2386.csv,0.001333,0.06,50,0
3000_0.001333_2386.csv,0.001333,0.11,28,0
3000_0.001333_2386.csv,0.001333,0.16,19,0
3000_0.001333_2386.csv,0.001333,0.21,15,0
3000_0.001333_2386.csv,0.001333,0.26,12,0
3000_0.001333_2386.csv,0.001333,0.31,10,0
3000_0.001333_2386.csv,0.001333,0.36,9,0
3000_0.001333_2386.csv,0.001333,0.41,8,0
3000_0.001333_2386.csv,0.001333,0.46,7,0
3000_0.079333_1912.csv,0.079333,0.01,300,100
3000_0.079333_1912.csv,0.079333,0.06,50,92
3000_0.079333_1912.csv,0.079333,0.11,28,63
3000_0.079333_1912.csv,0.079333,0.16,19,36
3000_0.079333_1912.csv,0.079333,0.21,15,21
3000_0.079333_1912.csv,0.079333,0.26,12,13
3000_0.079333_1912.csv,0.079333,0.31,10,3
3000_0.079333_1912.csv,0.079333,0.36,9,4
3000_0.079333_1912.csv,0.079333,0.41,8,6
3000_0.079333_1912.csv,0.079333,0.46,7,2
3000_0.086667_6909.csv,0.086667,0.01,300,100
3000_0.086667_6909.csv,0.086667,0.06,50,89
3000_0.086667_6909.csv,0.086667,0.11,28,48
3000_0.086667_6909.csv,0.086667,0.16,19,27
3000_0.086667_6909.csv,0.086667,0.21,15,23
3000_0.086667_6909.csv,0.086667,0.26,12,7
3000_0.086667_6909.csv,0.086667,0.31,10,6
3000_0.086667_6909.csv,0.086667,0.36,9,0
3000_0.086667_6909.csv,0.086667,0.41,8,1
3000_0.086667_6909.csv,0.086667,0.46,7,2
3000_0.119000_9408.csv,0.119,0.01,300,100
3000_0.119000_9408.csv,0.119,0.06,50,98
3000_0.119000_9408.csv,0.119,0.11,28,76
3000_0.119000_9408.csv,0.119,0.16,19,57
3000_0.119000_9408.csv,0.119,0.21,15,34
3000_0.119000_9408.csv,0.119,0.26,12,20
3000_0.119000_9408.csv,0.119,0.31,10,9
3000_0.119000_9408.csv,0.119,0.36,9,11
3000_0.119000_9408.csv,0.119,0.41,8,9
3000_0.119000_9408.csv,0.119,0.46,7,9
3000_0.208000_8680.csv,0.208,0.01,300,100
3000_0.208000_8680.csv,0.208,0.06,50,100
3000_0.208000_8680.csv,0.208,0.11,28,95
3000_0.208000_8680.csv,0.208,0.16,19,87
3000_0.208000_8680.csv,0.208,0.21,15,69
3000_0.208000_8680.csv,0.208,0.26,12,44
3000_0.208000_8680.csv,0.208,0.31,10,30
3000_0.208000_8680.csv,0.208,0.36,9,30
3000_0.208000_8680.csv,0.208,0.41,8,18
3000_0.208000_8680.csv,0.208,0.46,7,15
3000_0.258333_4887.csv,0.258333,0.01,300,100
3000_0.258333_4887.csv,0.258333,0.06,50,100
3000_0.258333_4887.csv,0.258333,0.11,28,100
3000_0.258333_4887.csv,0.258333,0.16,19,95
3000_0.258333_4887.csv,0.258333,0.21,15,85
3000_0.258333_4887.csv,0.258333,0.26,12,70
3000_0.258333_4887.csv,0.258333,0.31,10,47
3000_0.258333_4887.csv,0.258333,0.36,9,45
3000_0.258333_4887.csv,0.258333,0.41,8,34
3000_0.258333_4887.csv,0.258333,0.46,7,17
3000_0.312333_3377.csv,0.312333,0.01,300,100
3000_0.312333_3377.csv,0.312333,0.06,50,100
3000_0.312333_3377.csv,0.312333,0.11,28,99
3000_0.312333_3377.csv,0.312333,0.16,19,97
3000_0.312333_3377.csv,0.312333,0.21,15,88
3000_0.312333_3377.csv,0.312333,0.26,12,71
3000_0.312333_3377.csv,0.312333,0.31,10,59
3000_0.312333_3377.csv,0.312333,0.36,9,44
3000_0.312333_3377.csv,0.312333,0.41,8,36
3000_0.312333_3377.csv,0.312333,0.46,7,26
3000_0.313667_8980.csv,0.313667,0.01,300,100
3000_0.313667_8980.csv,0.313667,0.06,50,100
3000_0.313667_8980.csv,0.313667,0.11,28,100
3000_0.313667_8980.csv,0.313667,0.16,19,98
3000_0.313667_8980.csv,0.313667,0.21,15,87
3000_0.313667_8980.csv,0.313667,0.26,12,74
3000_0.313667_8980.csv,0.313667,0.31,10,51
3000_0.313667_8980.csv,0.313667,0.36,9,51
3000_0.313667_8980.csv,0.313667,0.41,8,35
3000_0.313667_8980.csv,0.313667,0.46,7,34
3000_0.316333_9959.csv,0.316333,0.01,300,100
3000_0.316333_9959.csv,0.316333,0.06,50,100
3000_0.316333_9959.csv,0.316333,0.11,28,100
3000_0.316333_9959.csv,0.316333,0.16,19,97
3000_0.316333_9959.csv,0.316333,0.21,15,91
3000_0.316333_9959.csv,0.316333,0.26,12,69
3000_0.316333_9959.csv,0.316333,0.31,10,61
3000_0.316333_9959.csv,0.316333,0.36,9,44
3000_0.316333_9959.csv,0.316333,0.41,8,38
3000_0.316333_9959.csv,0.316333,0.46,7,22
3000_0.382000_4003.csv,0.382,0.01,300,100
3000_0.382000_4003.csv,0.382,0.06,50,100
3000_0.382000_4003.csv,0.382,0.11,28,100
3000_0.382000_4003.csv,0.382,0.16,19,97
3000_0.382000_4003.csv,0.382,0.21,15,91
3000_0.382000_4003.csv,0.382,0.26,12,87
3000_0.382000_4003.csv,0.382,0.31,10,64
3000_0.382000_4003.csv,0.382,0.36,9,57
3000_0.382000_4003.csv,0.382,0.41,8,39
3000_0.382000_4003.csv,0.382,0.46,7,33
3000_0.418000_5580.csv,0.418,0.01,300,100
3000_0.418000_5580.csv,0.418,0.06,50,100
3000_0.418000_5580.csv,0.418,0.11,28,100
3000_0.418000_5580.csv,0.418,0.16,19,100
3000_0.418000_5580.csv,0.418,0.21,15,98
3000_0.418000_5580.csv,0.418,0.26,12,90
3000_0.418000_5580.csv,0.418,0.31,10,66
3000_0.418000_5580.csv,0.418,0.36,9,60
3000_0.418000_5580.csv,0.418,0.41,8,48
3000_0.418000_5580.csv,0.418,0.46,7,36
3000_0.419000_5310.csv,0.419,0.01,300,100
3000_0.419000_5310.csv,0.419,0.06,50,100
3000_0.419000_5310.csv,0.419,0.11,28,100
3000_0.419000_5310.csv,0.419,0.16,19,99
3000_0.419000_5310.csv,0.419,0.21,15,98
3000_0.419000_5310.csv,0.419,0.26,12,86
3000_0.419000_5310.csv,0.419,0.31,10,73
3000_0.419000_5310.csv,0.419,0.36,9,69
3000_0.419000_5310.csv,0.419,0.41,8,47
3000_0.419000_5310.csv,0.419,0.46,7,35
3000_0.465000_9433.csv,0.465,0.01,300,100
3000_0.465000_9433.csv,0.465,0.06,50,100
3000_0.465000_9433.csv,0.465,0.11,28,100
3000_0.465000_9433.csv,0.465,0.16,19,99
3000_0.465000_9433.csv,0.465,0.21,15,95
3000_0.465000_9433.csv,0.465,0.26,12,86
3000_0.465000_9433.csv,0.465,0.31,10,73
3000_0.465000_9433.csv,0.465,0.36,9,60
3000_0.465000_9433.csv,0.465,0.41,8,35
3000_0.465000_9433.csv,0.465,0.46,7,31
3500_0.000000_3400.csv,0,0.01,300,100
3500_0.000000_3400.csv,0,0.06,50,100
3500_0.000000_3400.csv,0,0.11,28,100
3500_0.000000_3400.csv,0,0.16,19,100
3500_0.000000_3400.csv,0,0.21,15,100
3500_0.000000_3400.csv,0,0.26,12,100
3500_0.000000_3400.csv,0,0.31,10,100
3500_0.000000_3400.csv,0,0.36,9,100
3500_0.000000_3400.csv,0,0.41,8,100
3500_0.000000_3400.csv,0,0.46,7,100
3500_0.000286_6332.csv,0.000286,0.01,300,0
3500_0.000286_6332.csv,0.000286,0.06,50,0
3500_0.000286_6332.csv,0.000286,0.11,28,0
3500_0.000286_6332.csv,0.000286,0.16,19,0
3500_0.000286_6332.csv,0.000286,0.21,15,0
3500_0.000286_6332.csv,0.000286,0.26,12,0
3500_0.000286_6332.csv,0.000286,0.31,10,0
3500_0.000286_6332.csv,0.000286,0.36,9,0
3500_0.000286_6332.csv,0.000286,0.41,8,0
3500_0.000286_6332.csv,0.000286,0.46,7,0
3500_0.014857_2764.csv,0.014857,0.01,300,94
3500_0.014857_2764.csv,0.014857,0.06,50,8
3500_0.014857_2764.csv,0.014857,0.11,28,2
3500_0.014857_2764.csv,0.014857,0.16,19,1
3500_0.014857_2764.csv,0.014857,0.21,15,0
3500_0.014857_2764.csv,0.014857,0.26,12,0
3500_0.014857_2764.csv,0.014857,0.31,10,0
3500_0.014857_2764.csv,0.014857,0.36,9,0
3500_0.014857_2764.csv,0.014857,0.41,8,0
3500_0.014857_2764.csv,0.014857,0.46,7,0
3500_0.045143_4312.csv,0.045143,0.01,300,100
3500_0.045143_4312.csv,0.045143,0.06,50,56
3500_0.045143_4312.csv,0.045143,0.11,28,21
3500_0.045143_4312.csv,0.045143,0.16,19,19
3500_0.045143_4312.csv,0.045143,0.21,15,2
3500_0.045143_4312.csv,0.045143,0.26,12,4
3500_0.045143_4312.csv,0.045143,0.31,10,3
3500_0.045143_4312.csv,0.045143,0.36,9,2
3500_0.045143_4312.csv,0.045143,0.41,8,2
3500_0.045143_4312.csv,0.045143,0.46,7,1
3500_0.075143_5690.csv,0.075143,0.01,300,100
3500_0.075143_5690.csv,0.075143,0.06,50,90
3500_0.075143_5690.csv,0.075143,0.11,28,57
3500_0.075143_5690.csv,0.075143,0.16,19,34
3500_0.075143_5690.csv,0.075143,0.21,15,25
3500_0.075143_5690.csv,0.075143,0.26,12,11
3500_0.075143_5690.csv,0.075143,0.31,10,11
3500_0.075143_5690.csv,0.075143,0.36,9,7
3500_0.075143_5690.csv,0.075143,0.41,8,5
3500_0.075143_5690.csv,0.075143,0.46,7,3
3500_0.116286_5172.csv,0.116286,0.01,300,100
3500_0.116286_5172.csv,0.116286,0.06,50,98
3500_0.116286_5172.csv,0.116286,0.11,28,85
3500_0.116286_5172.csv,0.116286,0.16,19,53
3500_0.116286_5172.csv,0.116286,0.21,15,35
3500_0.116286_5172.csv,0.116286,0.26,12,20
3500_0.116286_5172.csv,0.116286,0.31,10,10
3500_0.116286_5172.csv,0.116286,0.36,9,10
3500_0.116286_5172.csv,0.116286,0.41,8,6
3500_0.116286_5172.csv,0.116286,0.46,7,6
3500_0.184286_4364.csv,0.184286,0.01,300,100
3500_0.184286_4364.csv,0.184286,0.06,50,100
3500_0.184286_4364.csv,0.184286,0.11,28,94
3500_0.184286_4364.csv,0.184286,0.16,19,79
3500_0.184286_4364.csv,0.184286,0.21,15,50
3500_0.184286_4364.csv,0.184286,0.26,12,39
3500_0.184286_4364.csv,0.184286,0.31,10,27
3500_0.184286_4364.csv,0.184286,0.36,9,19
3500_0.184286_4364.csv,0.184286,0.41,8,16
3500_0.184286_4364.csv,0.184286,0.46,7,9
3500_0.222857_9240.csv,0.222857,0.01,300,100
3500_0.222857_9240.csv,0.222857,0.06,50,100
3500_0.222857_9240.csv,0.222857,0.11,28,96
3500_0.222857_9240.csv,0.222857,0.16,19,85
3500_0.222857_9240.csv,0.222857,0.21,15,71
3500_0.222857_9240.csv,0.222857,0.26,12,51
3500_0.222857_9240.csv,0.222857,0.31,10,52
3500_0.222857_9240.csv,0.222857,0.36,9,36
3500_0.222857_9240.csv,0.222857,0.41,8,24
3500_0.222857_9240.csv,0.222857,0.46,7,17
3500_0.299714_4378.csv,0.299714,0.01,300,100
3500_0.299714_4378.csv,0.299714,0.06,50,100
3500_0.299714_4378.csv,0.299714,0.11,28,100
3500_0.299714_4378.csv,0.299714,0.16,19,93
3500_0.299714_4378.csv,0.299714,0.21,15,91
3500_0.299714_4378.csv,0.299714,0.26,12,77
3500_0.299714_4378.csv,0.299714,0.31,10,55
3500_0.299714_4378.csv,0.299714,0.36,9,57
3500_0.299714_4378.csv,0.299714,0.41,8,41
3500_0.299714_4378.csv,0.299714,0.46,7,19
3500_0.309429_2203.csv,0.309429,0.01,300,100
3500_0.309429_2203.csv,0.309429,0.06,50,100
3500_0.309429_2203.csv,0.309429,0.11,28,100
3500_0.309429_2203.csv,0.309429,0.16,19,95
3500_0.309429_2203.csv,0.309429,0.21,15,91
3500_0.309429_2203.csv,0.309429,0.26,12,73
3500_0.309429_2203.csv,0.309429,0.31,10,59
3500_0.309429_2203.csv,0.309429,0.36,9,49
3500_0.309429_2203.csv,0.309429,0.41,8,33
3500_0.309429_2203.csv,0.309429,0.46,7,21
3500_0.313429_9246.csv,0.313429,0.01,300,100
3500_0.313429_9246.csv,0.313429,0.06,50,100
3500_0.313429_9246.csv,0.313429,0.11,28,100
3500_0.313429_9246.csv,0.313429,0.16,19,96
3500_0.313429_9246.csv,0.313429,0.21,15,93
3500_0.313429_9246.csv,0.313429,0.26,12,75
3500_0.313429_9246.csv,0.313429,0.31,10,57
3500_0.313429_9246.csv,0.313429,0.36,9,50
3500_0.313429_9246.csv,0.313429,0.41,8,40
3500_0.313429_9246.csv,0.313429,0.46,7,23
3500_0.355714_3728.csv,0.355714,0.01,300,100
3500_0.355714_3728.csv,0.355714,0.06,50,100
3500_0.355714_3728.csv,0.355714,0.11,28,100
3500_0.355714_3728.csv,0.355714,0.16,19,96
3500_0.355714_3728.csv,0.355714,0.21,15,92
3500_0.355714_3728.csv,0.355714,0.26,12,80
3500_0.355714_3728.csv,0.355714,0.31,10,68
3500_0.355714_3728.csv,0.355714,0.36,9,51
3500_0.355714_3728.csv,0.355714,0.41,8,42
3500_0.355714_3728.csv,0.355714,0.46,7,25
3500_0.380857_3801.csv,0.380857,0.01,300,100
3500_0.380857_3801.csv,0.380857,0.06,50,100
3500_0.380857_3801.csv,0.380857,0.11,28,100
3500_0.380857_3801.csv,0.380857,0.16,19,100
3500_0.380857_3801.csv,0.380857,0.21,15,96
3500_0.380857_3801.csv,0.380857,0.26,12,82
3500_0.380857_3801.csv,0.380857,0.31,10,72
3500_0.380857_3801.csv,0.380857,0.36,9,55
3500_0.380857_3801.csv,0.380857,0.41,8,46
3500_0.380857_3801.csv,0.380857,0.46,7,27
3500_0.436857_2595.csv,0.436857,0.01,300,100
3500_0.436857_2595.csv,0.436857,0.06,50,100
3500_0.436857_2595.csv,0.436857,0.11,28,100
3500_0.436857_2595.csv,0.436857,0.16,19,99
3500_0.436857_2595.csv,0.436857,0.21,15,96
3500_0.436857_2595.csv,0.436857,0.26,12,89
3500_0.436857_2595.csv,0.436857,0.31,10,70
3500_0.436857_2595.csv,0.436857,0.36,9,60
3500_0.436857_2595.csv,0.436857,0.41,8,50
3500_0.436857_2595.csv,0.436857,0.46,7,36
3500_0.458000_1273.csv,0.458,0.01,300,100
3500_0.458000_1273.csv,0.458,0.06,50,100
3500_0.458000_1273.csv,0.458,0.11,28,100
3500_0.458000_1273.csv,0.458,0.16,19,100
3500_0.458000_1273.csv,0.458,0.21,15,97
3500_0.458000_1273.csv,0.458,0.26,12,88
3500_0.458000_1273.csv,0.458,0.31,10,79
3500_0.458000_1273.csv,0.458,0.36,9,69
3500_0.458000_1273.csv,0.458,0.41,8,51
3500_0.458000_1273.csv,0.458,0.46,7,34
4000_0.000000_3749.csv,0,0.01,300,100
4000_0.000000_3749.csv,0,0.06,50,100
4000_0.000000_3749.csv,0,0.11,28,100
4000_0.000000_3749.csv,0,0.16,19,100
4000_0.000000_3749.csv,0,0.21,15,100
4000_0.000000_3749.csv,0,0.26,12,100
4000_0.000000_3749.csv,0,0.31,10,100
4000_0.000000_3749.csv,0,0.36,9,100
4000_0.000000_3749.csv,0,0.41,8,100
4000_0.000000_3749.csv,0,0.46,7,100
4000_0.000000_4210.csv,0,0.01,300,100
4000_0.000000_4210.csv,0,0.06,50,100
4000_0.000000_4210.csv,0,0.11,28,100
4000_0.000000_4210.csv,0,0.16,19,100
4000_0.000000_4210.csv,0,0.21,15,100
4000_0.000000_4210.csv,0,0.26,12,100
4000_0.000000_4210.csv,0,0.31,10,100
4000_0.000000_4210.csv,0,0.36,9,100
4000_0.000000_4210.csv,0,0.41,8,100
4000_0.000000_4210.csv,0,0.46,7,100
4000_0.023250_6378.csv,0.02325,0.01,300,99
4000_0.023250_6378.csv,0.02325,0.06,50,8
4000_0.023250_6378.csv,0.02325,0.11,28,3
4000_0.023250_6378.csv,0.02325,0.16,19,1
4000_0.023250_6378.csv,0.02325,0.21,15,0
4000_0.023250_6378.csv,0.02325,0.26,12,0
4000_0.023250_6378.csv,0.02325,0.31,10,0
4000_0.023250_6378.csv,0.02325,0.36,9,0
4000_0.023250_6378.csv,0.02325,0.41,8,0
4000_0.023250_6378.csv,0.02325,0.46,7,0
4000_0.042000_4066.csv,0.042,0.01,300,100
4000_0.042000_4066.csv,0.042,0.06,50,66
4000_0.042000_4066.csv,0.042,0.11,28,27
4000_0.042000_4066.csv,0.042,0.16,19,13
4000_0.042000_4066.csv,0.042,0.21,15,8
4000_0.042000_4066.csv,0.042,0.26,12,6
4000_0.042000_4066.csv,0.042,0.31,10,6
4000_0.042000_4066.csv,0.042,0.36,9,1
4000_0.042000_4066.csv,0.042,0.41,8,1
4000_0.042000_4066.csv,0.042,0.46,7,1
4000_0.090000_2571.csv,0.09,0.01,300,100
4000_0.090000_2571.csv,0.09,0.06,50,94
4000_0.090000_2571.csv,0.09,0.11,28,70
4000_0.090000_2571.csv,0.09,0.16,19,29
4000_0.090000_2571.csv,0.09,0.21,15,33
4000_0.090000_2571.csv,0.09,0.26,12,13
4000_0.090000_2571.csv,0.09,0.31,10,9
4000_0.090000_2571.csv,0.09,0.36,9,11
4000_0.090000_2571.csv,0.09,0.41,8,7
4000_0.090000_2571.csv,0.09,0.46,7,3
4000_0.201500_1252.csv,0.2015,0.01,300,100
4000_0.201500_1252.csv,0.2015,0.06,50,100
4000_0.201500_1252.csv,0.2015,0.11,28,94
4000_0.201500_1252.csv,0.2015,0.16,19,83
4000_0.201500_1252.csv,0.2015,0.21,15,64
4000_0.201500_1252.csv,0.2015,0.26,12,47
4000_0.201500_1252.csv,0.2015,0.31,10,35
4000_0.201500_1252.csv,0.2015,0.36,9,19
4000_0.201500_1252.csv,0.2015,0.41,8,14
4000_0.201500_1252.csv,0.2015,0.46,7,14
4000_0.202000_9502.csv,0.202,0.01,300,100
4000_0.202000_9502.csv,0.202,0.06,50,100
4000_0.202000_9502.csv,0.202,0.11,28,92
4000_0.202000_9502.csv,0.202,0.16,19,89
4000_0.202000_9502.csv,0.202,0.21,15,66
4000_0.202000_9502.csv,0.202,0.26,12,51
4000_0.202000_9502.csv,0.202,0.31,10,34
4000_0.202000_9502.csv,0.202,0.36,9,15
4000_0.202000_9502.csv,0.202,0.41,8,15
4000_0.202000_9502.csv,0.202,0.46,7,7
4000_0.209250_3605.csv,0.20925,0.01,300,100
4000_0.209250_3605.csv,0.20925,0.06,50,100
4000_0.209250_3605.csv,0.20925,0.11,28,97
4000_0.209250_3605.csv,0.20925,0.16,19,80
4000_0.209250_3605.csv,0.20925,0.21,15,72
4000_0.209250_3605.csv,0.20925,0.26,12,51
4000_0.209250_3605.csv,0.20925,0.31,10,40
4000_0.209250_3605.csv,0.20925,0.36,9,29
4000_0.209250_3605.csv,0.20925,0.41,8,22
4000_0.209250_3605.csv,0.20925,0.46,7,9
4000_0.209250_9859.csv,0.20925,0.01,300,100
4000_0.209250_9859.csv,0.20925,0.06,50,99
4000_0.209250_9859.csv,0.20925,0.11,28,94
4000_0.209250_9859.csv,0.20925,0.16,19,82
4000_0.209250_9859.csv,0.20925,0.21,15,70
4000_0.209250_9859.csv,0.20925,0.26,12,51
4000_0.209250_9859.csv,0.20925,0.31,10,37
4000_0.209250_9859.csv,0.20925,0.36,9,25
4000_0.209250_9859.csv,0.20925,0.41,8,25
4000_0.209250_9859.csv,0.20925,0.46,7,15
4000_0.223250_8245.csv,0.22325,0.01,300,100
4000_0.223250_8245.csv,0.22325,0.06,50,100
4000_0.223250_8245.csv,0.22325,0.11,28,100
4000_0.223250_8245.csv,0.22325,0.16,19,86
4000_0.223250_8245.csv,0.22325,0.21,15,76
4000_0.223250_8245.csv,0.22325,0.26,12,51
4000_0.223250_8245.csv,0.22325,0.31,10,38
4000_0.223250_8245.csv,0.22325,0.36,9,35
4000_0.223250_8245.csv,0.22325,0.41,8,24
4000_0.223250_8245.csv,0.22325,0.46,7,13
4000_0.334500_7889.csv,0.3345,0.01,300,100
4000_0.334500_7889.csv,0.3345,0.06,50,100
4000_0.334500_7889.csv,0.3345,0.11,28,100
4000_0.334500_7889.csv,0.3345,0.16,19,98
4000_0.334500_7889.csv,0.3345,0.21,15,89
4000_0.334500_7889.csv,0.3345,0.26,12,82
4000_0.334500_7889.csv,0.3345,0.31,10,71
4000_0.334500_7889.csv,0.3345,0.36,9,41
4000_0.334500_7889.csv,0.3345,0.41,8,38
4000_0.334500_7889.csv,0.3345,0.46,7,26
4000_0.368500_5380.csv,0.3685,0.01,300,100
4000_0.368500_5380.csv,0.3685,0.06,50,100
4000_0.368500_5380.csv,0.3685,0.11,28,100
4000_0.368500_5380.csv,0.3685,0.16,19,98
4000_0.368500_5380.csv,0.3685,0.21,15,94
4000_0.368500_5380.csv,0.3685,0.26,12,81
4000_0.368500_5380.csv,0.3685,0.31,10,61
4000_0.368500_5380.csv,0.3685,0.36,9,42
4000_0.368500_5380.csv,0.3685,0.41,8,44
4000_0.368500_5380.csv,0.3685,0.46,7,33
4000_0.372500_4718.csv,0.3725,0.01,300,100
4000_0.372500_4718.csv,0.3725,0.06,50,100
4000_0.372500_4718.csv,0.3725,0.11,28,100
4000_0.372500_4718.csv,0.3725,0.16,19,98
4000_0.372500_4718.csv,0.3725,0.21,15,97
4000_0.372500_4718.csv,0.3725,0.26,12,76
4000_0.372500_4718.csv,0.3725,0.31,10,74
4000_0.372500_4718.csv,0.3725,0.36,9,65
4000_0.372500_4718.csv,0.3725,0.41,8,51
4000_0.372500_4718.csv,0.3725,0.46,7,27
4000_0.434250_4764.csv,0.43425,0.01,300,100
4000_0.434250_4764.csv,0.43425,0.06,50,100
4000_0.434250_4764.csv,0.43425,0.11,28,100
4000_0.434250_4764.csv,0.43425,0.16,19,100
4000_0.434250_4764.csv,0.43425,0.21,15,99
4000_0.434250_4764.csv,0.43425,0.26,12,89
4000_0.434250_4764.csv,0.43425,0.31,10,76
4000_0.434250_4764.csv,0.43425,0.36,9,64
4000_0.434250_4764.csv,0.43425,0.41,8,50
4000_0.434250_4764.csv,0.43425,0.46,7,36
4000_0.468000_8029.csv,0.468,0.01,300,100
4000_0.468000_8029.csv,0.468,0.06,50,100
4000_0.468000_8029.csv,0.468,0.11,28,100
4000_0.468000_8029.csv,0.468,0.16,19,100
4000_0.468000_8029.csv,0.468,0.21,15,98
4000_0.468000_8029.csv,0.468,0.26,12,88
4000_0.468000_8029.csv,0.468,0.31,10,75
4000_0.468000_8029.csv,0.468,0.36,9,63
4000_0.468000_8029.csv,0.468,0.41,8,56
4000_0.468000_8029.csv,0.468,0.46,7,30
4500_0.112667_9582.csv,0.112667,0.01,300,100
4500_0.112667_9582.csv,0.112667,0.06,50,93
4500_0.112667_9582.csv,0.112667,0.11,28,72
4500_0.112667_9582.csv,0.112667,0.16,19,42
4500_0.112667_9582.csv,0.112667,0.21,15,29
4500_0.112667_9582.csv,0.112667,0.26,12,21
4500_0.112667_9582.csv,0.112667,0.31,10,9
4500_0.112667_9582.csv,0.112667,0.36,9,10
4500_0.112667_9582.csv,0.112667,0.41,8,9
4500_0.112667_9582.csv,0.112667,0.46,7,5
4500_0.184667_3146.csv,0.184667,0.01,300,100
4500_0.184667_3146.csv,0.184667,0.06,50,100
4500_0.184667_3146.csv,0.184667,0.11,28,91
4500_0.184667_3146.csv,0.184667,0.16,19,74
4500_0.184667_3146.csv,0.184667,0.21,15,52
4500_0.184667_3146.csv,0.184667,0.26,12,35
4500_0.184667_3146.csv,0.184667,0.31,10,31
4500_0.184667_3146.csv,0.184667,0.36,9,18
4500_0.184667_3146.csv,0.184667,0.41,8,16
4500_0.184667_3146.csv,0.184667,0.46,7,8
4500_0.267778_9794.csv,0.267778,0.01,300,100
4500_0.267778_9794.csv,0.267778,0.06,50,100
4500_0.267778_9794.csv,0.267778,0.11,28,100
4500_0.267778_9794.csv,0.267778,0.16,19,93
4500_0.267778_9794.csv,0.267778,0.21,15,84
4500_0.267778_9794.csv,0.267778,0.26,12,67
4500_0.267778_9794.csv,0.267778,0.31,10,46
4500_0.267778_9794.csv,0.267778,0.36,9,40
4500_0.267778_9794.csv,0.267778,0.41,8,31
4500_0.267778_9794.csv,0.267778,0.46,7,20
4500_0.299333_5344.csv,0.299333,0.01,300,100
4500_0.299333_5344.csv,0.299333,0.06,50,100
4500_0.299333_5344.csv,0.299333,0.11,28,100
4500_0.299333_5344.csv,0.299333,0.16,19,98
4500_0.299333_5344.csv,0.299333,0.21,15,89
4500_0.299333_5344.csv,0.299333,0.26,12,81
4500_0.299333_5344.csv,0.299333,0.31,10,59
4500_0.299333_5344.csv,0.299333,0.36,9,52
4500_0.299333_5344.csv,0.299333,0.41,8,41
4500_0.299333_5344.csv,0.299333,0.46,7,25
4500_0.303111_7334.csv,0.303111,0.01,300,100
4500_0.303111_7334.csv,0.303111,0.06,50,100
4500_0.303111_7334.csv,0.303111,0.11,28,100
4500_0.303111_7334.csv,0.303111,0.16,19,97
4500_0.303111_7334.csv,0.303111,0.21,15,85
4500_0.303111_7334.csv,0.303111,0.26,12,80
4500_0.303111_7334.csv,0.303111,0.31,10,58
4500_0.303111_7334.csv,0.303111,0.36,9,47
4500_0.303111_7334.csv,0.303111,0.41,8,32
4500_0.303111_7334.csv,0.303111,0.46,7,25
4500_0.309111_6680.csv,0.309111,0.01,300,100
4500_0.309111_6680.csv,0.309111,0.06,50,100
4500_0.309111_6680.csv,0.309111,0.11,28,100
4500_0.309111_6680.csv,0.309111,0.16,19,97
4500_0.309111_6680.csv,0.309111,0.21,15,91
4500_0.309111_6680.csv,0.309111,0.26,12,76
4500_0.309111_6680.csv,0.309111,0.31,10,51
4500_0.309111_6680.csv,0.309111,0.36,9,55
4500_0.309111_6680.csv,0.309111,0.41,8,37
4500_0.309111_6680.csv,0.309111,0.46,7,15
4500_0.314222_7942.csv,0.314222,0.01,300,100
4500_0.314222_7942.csv,0.314222,0.06,50,100
4500_0.314222_7942.csv,0.314222,0.11,28,100
4500_0.314222_7942.csv,0.314222,0.16,19,94
4500_0.314222_7942.csv,0.314222,0.21,15,81
4500_0.314222_7942.csv,0.314222,0.26,12,82
4500_0.314222_7942.csv,0.314222,0.31,10,63
4500_0.314222_7942.csv,0.314222,0.36,9,45
4500_0.314222_7942.csv,0.314222,0.41,8,31
4500_0.314222_7942.csv,0.314222,0.46,7,23
4500_0.353333_7478.csv,0.353333,0.01,300,100
4500_0.353333_7478.csv,0.353333,0.06,50,100
4500_0.353333_7478.csv,0.353333,0.11,28,100
4500_0.353333_7478.csv,0.353333,0.16,19,100
4500_0.353333_7478.csv,0.353333,0.21,15,89
4500_0.353333_7478.csv,0.353333,0.26,12,78
4500_0.353333_7478.csv,0.353333,0.31,10,59
4500_0.353333_7478.csv,0.353333,0.36,9,53
4500_0.353333_7478.csv,0.353333,0.41,8,36
4500_0.353333_7478.csv,0.353333,0.46,7,28
4500_0.384222_7849.csv,0.384222,0.01,300,100
4500_0.384222_7849.csv,0.384222,0.06,50,100
4500_0.384222_7849.csv,0.384222,0.11,28,100
4500_0.384222_7849.csv,0.384222,0.16,19,99
4500_0.384222_7849.csv,0.384222,0.21,15,96
4500_0.384222_7849.csv,0.384222,0.26,12,84
4500_0.384222_7849.csv,0.384222,0.31,10,75
4500_0.384222_7849.csv,0.384222,0.36,9,61
4500_0.384222_7849.csv,0.384222,0.41,8,47
4500_0.384222_7849.csv,0.384222,0.46,7,37
4500_0.419778_4083.csv,0.419778,0.01,300,100
4500_0.419778_4083.csv,0.419778,0.06,50,100
4500_0.419778_4083.csv,0.419778,0.11,28,100
4500_0.419778_4083.csv,0.419778,0.16,19,100
4500_0.419778_4083.csv,0.419778,0.21,15,96
4500_0.419778_4083.csv,0.419778,0.26,12,87
4500_0.419778_4083.csv,0.419778,0.31,10,80
4500_0.419778_4083.csv,0.419778,0.36,9,67
4500_0.419778_4083.csv,0.419778,0.41,8,46
4500_0.419778_4083.csv,0.419778,0.46,7,30
4500_0.472444_4589.csv,0.472444,0.01,300,100
4500_0.472444_4589.csv,0.472444,0.06,50,100
4500_0.472444_4589.csv,0.472444,0.11,28,100
4500_0.472444_4589.csv,0.472444,0.16,19,100
4500_0.472444_4589.csv,0.472444,0.21,15,97
4500_0.472444_4589.csv,0.472444,0.26,12,90
4500_0.472444_4589.csv,0.472444,0.31,10,73
4500_0.472444_4589.csv,0.472444,0.36,9,58
4500_0.472444_4589.csv,0.472444,0.41,8,48
4500_0.472444_4589.csv,0.472444,0.46,7,29
500_0.000000_4396.csv,0,0.01,300,100
500_0.000000_4396.csv,0,0.06,50,100
500_0.000000_4396.csv,0,0.11,28,100
500_0.000000_4396.csv,0,0.16,19,100
500_0.000000_4396.csv,0,0.21,15,100
500_0.000000_4396.csv,0,0.26,12,100
500_0.000000_4396.csv,0,0.31,10,100
500_0.000000_4396.csv,0,0.36,9,100
500_0.000000_4396.csv,0,0.41,8,100
500_0.000000_4396.csv,0,0.46,7,100
500_0.000000_4828.csv,0,0.01,300,100
500_0.000000_4828.csv,0,0.06,50,100
500_0.000000_4828.csv,0,0.11,28,100
500_0.000000_4828.csv,0,0.16,19,100
500_0.000000_4828.csv,0,0.21,15,100
500_0.000000_4828.csv,0,0.26,12,100
500_0.000000_4828.csv,0,0.31,10,100
500_0.000000_4828.csv,0,0.36,9,100
500_0.000000_4828.csv,0,0.41,8,100
500_0.000000_4828.csv,0,0.46,7,100
500_0.000000_6276.csv,0,0.01,300,100
500_0.000000_6276.csv,0,0.06,50,100
500_0.000000_6276.csv,0,0.11,28,100
500_0.000000_6276.csv,0,0.16,19,100
500_0.000000_6276.csv,0,0.21,15,100
500_0.000000_6276.csv,0,0.26,12,100
500_0.000000_6276.csv,0,0.31,10,100
500_0.000000_6276.csv,0,0.36,9,100
500_0.000000_6276.csv,0,0.41,8,100
500_0.000000_6276.csv,0,0.46,7,100
500_0.000000_7708.csv,0,0.01,300,100
500_0.000000_7708.csv,0,0.06,50,100
500_0.000000_7708.csv,0,0.11,28,100
500_0.000000_7708.csv,0,0.16,19,100
500_0.000000_7708.csv,0,0.21,15,100
500_0.000000_7708.csv,0,0.26,12,100
500_0.000000_7708.csv,0,0.31,10,100
500_0.000000_7708.csv,0,0.36,9,100
500_0.000000_7708.csv,0,0.41,8,100
500_0.000000_7708.csv,0,0.46,7,100
500_0.000000_8994.csv,0,0.01,300,100
500_0.000000_8994.csv,0,0.06,50,100
500_0.000000_8994.csv,0,0.11,28,100
500_0.000000_8994.csv,0,0.16,19,100
500_0.000000_8994.csv,0,0.21,15,100
500_0.000000_8994.csv,0,0.26,12,100
500_0.000000_8994.csv,0,0.31,10,100
500_0.000000_8994.csv,0,0.36,9,100
500_0.000000_8994.csv,0,0.41,8,100
500_0.000000_8994.csv,0,0.46,7,100
500_0.002000_1728.csv,0.002,0.01,300,53
500_0.002000_1728.csv,0.002,0.06,50,0
500_0.002000_1728.csv,0.002,0.11,28,0
500_0.002000_1728.csv,0.002,0.16,19,0
500_0.002000_1728.csv,0.002,0.21,15,0
500_0.002000_1728.csv,0.002,0.26,12,0
500_0.002000_1728.csv,0.002,0.31,10,0
500_0.002000_1728.csv,0.002,0.36,9,0
500_0.002000_1728.csv,0.002,0.41,8,0
500_0.002000_1728.csv,0.002,0.46,7,0
500_0.004000_1367.csv,0.004,0.01,300,0
500_0.004000_1367.csv,0.004,0.06,50,0
500_0.004000_1367.csv,0.004,0.11,28,0
500_0.004000_1367.csv,0.004,0.16,19,0
500_0.004000_1367.csv,0.004,0.21,15,0
500_0.004000_1367.csv,0.004,0.26,12,0
500_0.004000_1367.csv,0.004,0.31,10,0
500_0.004000_1367.csv,0.004,0.36,9,0
500_0.004000_1367.csv,0.004,0.41,8,0
500_0.004000_1367.csv,0.004,0.46,7,0
500_0.004000_3477.csv,0.004,0.01,300,64
500_0.004000_3477.csv,0.004,0.06,50,0
500_0.004000_3477.csv,0.004,0.11,28,1
500_0.004000_3477.csv,0.004,0.16,19,0
500_0.004000_3477.csv,0.004,0.21,15,0
500_0.004000_3477.csv,0.004,0.26,12,0
500_0.004000_3477.csv,0.004,0.31,10,0
500_0.004000_3477.csv,0.004,0.36,9,0
500_0.004000_3477.csv,0.004,0.41,8,0
500_0.004000_3477.csv,0.004,0.46,7,0
500_0.004000_8287.csv,0.004,0.01,300,0
500_0.004000_8287.csv,0.004,0.06,50,0
500_0.004000_8287.csv,0.004,0.11,28,0
500_0.004000_8287.csv,0.004,0.16,19,0
500_0.004000_8287.csv,0.004,0.21,15,0
500_0.004000_8287.csv,0.004,0.26,12,0
500_0.004000_8287.csv,0.004,0.31,10,0
500_0.004000_8287.csv,0.004,0.36,9,0
500_0.004000_8287.csv,0.004,0.41,8,0
500_0.004000_8287.csv,0.004,0.46,7,0
500_0.006000_3165.csv,0.006,0.01,300,89
500_0.006000_3165.csv,0.006,0.06,50,2
500_0.006000_3165.csv,0.006,0.11,28,0
500_0.006000_3165.csv,0.006,0.16,19,0
500_0.006000_3165.csv,0.006,0.21,15,0
500_0.006000_3165.csv,0.006,0.26,12,0
500_0.006000_3165.csv,0.006,0.31,10,0
500_0.006000_3165.csv,0.006,0.36,9,0
500_0.006000_3165.csv,0.006,0.41,8,0
500_0.006000_3165.csv,0.006,0.46,7,0
500_0.006000_8455.csv,0.006,0.01,300,0
500_0.006000_8455.csv,0.006,0.06,50,0
500_0.006000_8455.csv,0.006,0.11,28,0
500_0.006000_8455.csv,0.006,0.16,19,0
500_0.006000_8455.csv,0.006,0.21,15,0
500_0.006000_8455.csv,0.006,0.26,12,0
500_0.006000_8455.csv,0.006,0.31,10,0
500_0.006000_8455.csv,0.006,0.36,9,0
500_0.006000_8455.csv,0.006,0.41,8,0
500_0.006000_8455.csv,0.006,0.46,7,0
500_0.016000_6388.csv,0.016,0.01,300,100
500_0.016000_6388.csv,0.016,0.06,50,21
500_0.016000_6388.csv,0.016,0.11,28,5
500_0.016000_6388.csv,0.016,0.16,19,1
500_0.016000_6388.csv,0.016,0.21,15,0
500_0.016000_6388.csv,0.016,0.26,12,0
500_0.016000_6388.csv,0.016,0.31,10,0
500_0.016000_6388.csv,0.016,0.36,9,0
500_0.016000_6388.csv,0.016,0.41,8,0
500_0.016000_6388.csv,0.016,0.46,7,0
500_0.016000_7789.csv,0.016,0.01,300,100
500_0.016000_7789.csv,0.016,0.06,50,20
500_0.016000_7789.csv,0.016,0.11,28,5
500_0.016000_7789.csv,0.016,0.16,19,1
500_0.016000_7789.csv,0.016,0.21,15,2
500_0.016000_7789.csv,0.016,0.26,12,1
500_0.016000_7789.csv,0.016,0.31,10,0
500_0.016000_7789.csv,0.016,0.36,9,0
500_0.016000_7789.csv,0.016,0.41,8,0
500_0.016000_7789.csv,0.016,0.46,7,0
500_0.020000_5534.csv,0.02,0.01,300,100
500_0.020000_5534.csv,0.02,0.06,50,15
500_0.020000_5534.csv,0.02,0.11,28,4
500_0.020000_5534.csv,0.02,0.16,19,0
500_0.020000_5534.csv,0.02,0.21,15,1
500_0.020000_5534.csv,0.02,0.26,12,0
500_0.020000_5534.csv,0.02,0.31,10,0
500_0.020000_5534.csv,0.02,0.36,9,0
500_0.020000_5534.csv,0.02,0.41,8,0
500_0.020000_5534.csv,0.02,0.46,7,0
500_0.022000_6862.csv,0.022,0.01,300,100
500_0.022000_6862.csv,0.022,0.06,50,20
500_0.022000_6862.csv,0.022,0.11,28,10
500_0.022000_6862.csv,0.022,0.16,19,6
500_0.022000_6862.csv,0.022,0.21,15,0
500_0.022000_6862.csv,0.022,0.26,12,2
500_0.022000_6862.csv,0.022,0.31,10,0
500_0.022000_6862.csv,0.022,0.36,9,0
500_0.022000_6862.csv,0.022,0.41,8,0
500_0.022000_6862.csv,0.022,0.46,7,0
500_0.032000_6250.csv,0.032,0.01,300,100
500_0.032000_6250.csv,0.032,0.06,50,48
500_0.032000_6250.csv,0.032,0.11,28,14
500_0.032000_6250.csv,0.032,0.16,19,11
500_0.032000_6250.csv,0.032,0.21,15,0
500_0.032000_6250.csv,0.032,0.26,12,1
500_0.032000_6250.csv,0.032,0.31,10,1
500_0.032000_6250.csv,0.032,0.36,9,1
500_0.032000_6250.csv,0.032,0.41,8,0
500_0.032000_6250.csv,0.032,0.46,7,0
500_0.050000_7060.csv,0.05,0.01,300,100
500_0.050000_7060.csv,0.05,0.06,50,80
500_0.050000_7060.csv,0.05,0.11,28,50
500_0.050000_7060.csv,0.05,0.16,19,15
500_0.050000_7060.csv,0.05,0.21,15,16
500_0.050000_7060.csv,0.05,0.26,12,14
500_0.050000_7060.csv,0.05,0.31,10,4
500_0.050000_7060.csv,0.05,0.36,9,1
500_0.050000_7060.csv,0.05,0.41,8,2
500_0.050000_7060.csv,0.05,0.46,7,1
500_0.060000_3770.csv,0.06,0.01,300,100
500_0.060000_3770.csv,0.06,0.06,50,78
500_0.060000_3770.csv,0.06,0.11,28,38
500_0.060000_3770.csv,0.06,0.16,19,27
500_0.060000_3770.csv,0.06,0.21,15,11
500_0.060000_3770.csv,0.06,0.26,12,8
500_0.060000_3770.csv,0.06,0.31,10,7
500_0.060000_3770.csv,0.06,0.36,9,1
500_0.060000_3770.csv,0.06,0.41,8,2
500_0.060000_3770.csv,0.06,0.46,7,1
500_0.068000_5877.csv,0.068,0.01,300,100
500_0.068000_5877.csv,0.068,0.06,50,89
500_0.068000_5877.csv,0.068,0.11,28,52
500_0.068000_5877.csv,0.068,0.16,19,33
500_0.068000_5877.csv,0.068,0.21,15,22
500_0.068000_5877.csv,0.068,0.26,12,11
500_0.068000_5877.csv,0.068,0.31,10,5
500_0.068000_5877.csv,0.068,0.36,9,2
500_0.068000_5877.csv,0.068,0.41,8,3
500_0.068000_5877.csv,0.068,0.46,7,7
500_0.092000_6739.csv,0.092,0.01,300,100
500_0.092000_6739.csv,0.092,0.06,50,96
500_0.092000_6739.csv,0.092,0.11,28,58
500_0.092000_6739.csv,0.092,0.16,19,37
500_0.092000_6739.csv,0.092,0.21,15,20
500_0.092000_6739.csv,0.092,0.26,12,11
500_0.092000_6739.csv,0.092,0.31,10,2
500_0.092000_6739.csv,0.092,0.36,9,6
500_0.092000_6739.csv,0.092,0.41,8,1
500_0.092000_6739.csv,0.092,0.46,7,2
500_0.106000_2813.csv,0.106,0.01,300,100
500_0.106000_2813.csv,0.106,0.06,50,97
500_0.106000_2813.csv,0.106,0.11,28,77
500_0.106000_2813.csv,0.106,0.16,19,56
500_0.106000_2813.csv,0.106,0.21,15,34
500_0.106000_2813.csv,0.106,0.26,12,22
500_0.106000_2813.csv,0.106,0.31,10,12
500_0.106000_2813.csv,0.106,0.36,9,12
500_0.106000_2813.csv,0.106,0.41,8,11
500_0.106000_2813.csv,0.106,0.46,7,3
500_0.130000_6083.csv,0.13,0.01,300,100
500_0.130000_6083.csv,0.13,0.06,50,100
500_0.130000_6083.csv,0.13,0.11,28,89
500_0.130000_6083.csv,0.13,0.16,19,62
500_0.130000_6083.csv,0.13,0.21,15,58
500_0.130000_6083.csv,0.13,0.26,12,28
500_0.130000_6083.csv,0.13,0.31,10,19
500_0.130000_6083.csv,0.13,0.36,9,15
500_0.130000_6083.csv,0.13,0.41,8,12
500_0.130000_6083.csv,0.13,0.46,7,7
500_0.150000_3403.csv,0.15,0.01,300,100
500_0.150000_3403.csv,0.15,0.06,50,100
500_0.150000_3403.csv,0.15,0.11,28,89
500_0.150000_3403.csv,0.15,0.16,19,69
500_0.150000_3403.csv,0.15,0.21,15,51
500_0.150000_3403.csv,0.15,0.26,12,38
500_0.150000_3403.csv,0.15,0.31,10,20
500_0.150000_3403.csv,0.15,0.36,9,18
500_0.150000_3403.csv,0.15,0.41,8,6
500_0.150000_3403.csv,0.15,0.46,7,8
500_0.152000_3598.csv,0.152,0.01,300,100
500_0.152000_3598.csv,0.152,0.06,50,100
500_0.152000_3598.csv,0.152,0.11,28,89
500_0.152000_3598.csv,0.152,0.16,19,67
500_0.152000_3598.csv,0.152,0.21,15,53
500_0.152000_3598.csv,0.152,0.26,12,42
500_0.152000_3598.csv,0.152,0.31,10,26
500_0.152000_3598.csv,0.152,0.36,9,15
500_0.152000_3598.csv,0.152,0.41,8,14
500_0.152000_3598.csv,0.152,0.46,7,11
500_0.192000_4938.csv,0.192,0.01,300,100
500_0.192000_4938.csv,0.192,0.06,50,100
500_0.192000_4938.csv,0.192,0.11,28,99
500_0.192000_4938.csv,0.192,0.16,19,87
500_0.192000_4938.csv,0.192,0.21,15,68
500_0.192000_4938.csv,0.192,0.26,12,47
500_0.192000_4938.csv,0.192,0.31,10,37
500_0.192000_4938.csv,0.192,0.36,9,29
500_0.192000_4938.csv,0.192,0.41,8,20
500_0.192000_4938.csv,0.192,0.46,7,8
500_0.194000_9435.csv,0.194,0.01,300,100
500_0.194000_9435.csv,0.194,0.06,50,100
500_0.194000_9435.csv,0.194,0.11,28,94
500_0.194000_9435.csv,0.194,0.16,19,87
500_0.194000_9435.csv,0.194,0.21,15,71
500_0.194000_9435.csv,0.194,0.26,12,48
500_0.194000_9435.csv,0.194,0.31,10,38
500_0.194000_9435.csv,0.194,0.36,9,28
500_0.194000_9435.csv,0.194,0.41,8,29
500_0.194000_9435.csv,0.194,0.46,7,17
500_0.202000_1093.csv,0.202,0.01,300,100
500_0.202000_1093.csv,0.202,0.06,50,100
500_0.202000_1093.csv,0.202,0.11,28,98
500_0.202000_1093.csv,0.202,0.16,19,91
500_0.202000_1093.csv,0.202,0.21,15,74
500_0.202000_1093.csv,0.202,0.26,12,63
500_0.202000_1093.csv,0.202,0.31,10,39
500_0.202000_1093.csv,0.202,0.36,9,25
500_0.202000_1093.csv,0.202,0.41,8,23
500_0.202000_1093.csv,0.202,0.46,7,15
500_0.204000_1942.csv,0.204,0.01,300,100
500_0.204000_1942.csv,0.204,0.06,50,100
500_0.204000_1942.csv,0.204,0.11,28,97
500_0.204000_1942.csv,0.204,0.16,19,81
500_0.204000_1942.csv,0.204,0.21,15,73
500_0.204000_1942.csv,0.204,0.26,12,46
500_0.204000_1942.csv,0.204,0.31,10,41
500_0.204000_1942.csv,0.204,0.36,9,28
500_0.204000_1942.csv,0.204,0.41,8,23
500_0.204000_1942.csv,0.204,0.46,7,17
500_0.204000_5678.csv,0.204,0.01,300,100
500_0.204000_5678.csv,0.204,0.06,50,100
500_0.204000_5678.csv,0.204,0.11,28,99
500_0.204000_5678.csv,0.204,0.16,19,90
500_0.204000_5678.csv,0.204,0.21,15,71
500_0.204000_5678.csv,0.204,0.26,12,47
500_0.204000_5678.csv,0.204,0.31,10,34
500_0.204000_5678.csv,0.204,0.36,9,31
500_0.204000_5678.csv,0.204,0.41,8,21
500_0.204000_5678.csv,0.204,0.46,7,14
500_0.206000_1302.csv,0.206,0.01,300,100
500_0.206000_1302.csv,0.206,0.06,50,100
500_0.206000_1302.csv,0.206,0.11,28,99
500_0.206000_1302.csv,0.206,0.16,19,85
500_0.206000_1302.csv,0.206,0.21,15,70
500_0.206000_1302.csv,0.206,0.26,12,61
500_0.206000_1302.csv,0.206,0.31,10,37
500_0.206000_1302.csv,0.206,0.36,9,31
500_0.206000_1302.csv,0.206,0.41,8,28
500_0.206000_1302.csv,0.206,0.46,7,17
500_0.236000_7758.csv,0.236,0.01,300,100
500_0.236000_7758.csv,0.236,0.06,50,100
500_0.236000_7758.csv,0.236,0.11,28,99
500_0.236000_7758.csv,0.236,0.16,19,90
500_0.236000_7758.csv,0.236,0.21,15,82
500_0.236000_7758.csv,0.236,0.26,12,66
500_0.236000_7758.csv,0.236,0.31,10,51
500_0.236000_7758.csv,0.236,0.36,9,42
500_0.236000_7758.csv,0.236,0.41,8,32
500_0.236000_7758.csv,0.236,0.46,7,23
500_0.240000_1152.csv,0.24,0.01,300,100
500_0.240000_1152.csv,0.24,0.06,50,100
500_0.240000_1152.csv,0.24,0.11,28,99
500_0.240000_1152.csv,0.24,0.16,19,91
500_0.240000_1152.csv,0.24,0.21,15,84
500_0.240000_1152.csv,0.24,0.26,12,67
500_0.240000_1152.csv,0.24,0.31,10,54
500_0.240000_1152.csv,0.24,0.36,9,44
500_0.240000_1152.csv,0.24,0.41,8,31
500_0.240000_1152.csv,0.24,0.46,7,23
500_0.256000_8187.csv,0.256,0.01,300,100
500_0.256000_8187.csv,0.256,0.06,50,100
500_0.256000_8187.csv,0.256,0.11,28,100
500_0.256000_8187.csv,0.256,0.16,19,96
500_0.256000_8187.csv,0.256,0.21,15,84
500_0.256000_8187.csv,0.256,0.26,12,66
500_0.256000_8187.csv,0.256,0.31,10,56
500_0.256000_8187.csv,0.256,0.36,9,48
500_0.256000_8187.csv,0.256,0.41,8,35
500_0.256000_8187.csv,0.256,0.46,7,16
500_0.268000_9240.csv,0.268,0.01,300,100
500_0.268000_9240.csv,0.268,0.06,50,100
500_0.268000_9240.csv,0.268,0.11,28,100
500_0.268000_9240.csv,0.268,0.16,19,95
500_0.268000_9240.csv,0.268,0.21,15,85
500_0.268000_9240.csv,0.268,0.26,12,77
500_0.268000_9240.csv,0.268,0.31,10,49
500_0.268000_9240.csv,0.268,0.36,9,43
500_0.268000_9240.csv,0.268,0.41,8,38
500_0.268000_9240.csv,0.268,0.46,7,19
500_0.272000_9702.csv,0.272,0.01,300,100
500_0.272000_9702.csv,0.272,0.06,50,100
500_0.272000_9702.csv,0.272,0.11,28,100
500_0.272000_9702.csv,0.272,0.16,19,94
500_0.272000_9702.csv,0.272,0.21,15,91
500_0.272000_9702.csv,0.272,0.26,12,76
500_0.272000_9702.csv,0.272,0.31,10,59
500_0.272000_9702.csv,0.272,0.36,9,50
500_0.272000_9702.csv,0.272,0.41,8,40
500_0.272000_9702.csv,0.272,0.46,7,24
500_0.286000_5759.csv,0.286,0.01,300,100
500_0.286000_5759.csv,0.286,0.06,50,100
500_0.286000_5759.csv,0.286,0.11,28,100
500_0.286000_5759.csv,0.286,0.16,19,98
500_0.286000_5759.csv,0.286,0.21,15,87
500_0.286000_5759.csv,0.286,0.26,12,75
500_0.286000_5759.csv,0.286,0.31,10,62
500_0.286000_5759.csv,0.286,0.36,9,44
500_0.286000_5759.csv,0.286,0.41,8,37
500_0.286000_5759.csv,0.286,0.46,7,23
500_0.300000_4676.csv,0.3,0.01,300,100
500_0.300000_4676.csv,0.3,0.06,50,100
500_0.300000_4676.csv,0.3,0.11,28,100
500_0.300000_4676.csv,0.3,0.16,19,99
500_0.300000_4676.csv,0.3,0.21,15,92
500_0.300000_4676.csv,0.3,0.26,12,70
500_0.300000_4676.csv,0.3,0.31,10,58
500_0.300000_4676.csv,0.3,0.36,9,50
500_0.300000_4676.csv,0.3,0.41,8,36
500_0.300000_4676.csv,0.3,0.46,7,24
500_0.316000_8305.csv,0.316,0.01,300,100
500_0.316000_8305.csv,0.316,0.06,50,100
500_0.316000_8305.csv,0.316,0.11,28,100
500_0.316000_8305.csv,0.316,0.16,19,96
500_0.316000_8305.csv,0.316,0.21,15,95
500_0.316000_8305.csv,0.316,0.26,12,80
500_0.316000_8305.csv,0.316,0.31,10,62
500_0.316000_8305.csv,0.316,0.36,9,55
500_0.316000_8305.csv,0.316,0.41,8,41
500_0.316000_8305.csv,0.316,0.46,7,19
500_0.318000_8201.csv,0.318,0.01,300,100
500_0.318000_8201.csv,0.318,0.06,50,100
500_0.318000_8201.csv,0.318,0.11,28,100
500_0.318000_8201.csv,0.318,0.16,19,99
500_0.318000_8201.csv,0.318,0.21,15,94
500_0.318000_8201.csv,0.318,0.26,12,76
500_0.318000_8201.csv,0.318,0.31,10,63
500_0.318000_8201.csv,0.318,0.36,9,54
500_0.318000_8201.csv,0.318,0.41,8,38
500_0.318000_8201.csv,0.318,0.46,7,25
500_0.322000_3234.csv,0.322,0.01,300,100
500_0.322000_3234.csv,0.322,0.06,50,100
500_0.322000_3234.csv,0.322,0.11,28,100
500_0.322000_3234.csv,0.322,0.16,19,98
500_0.322000_3234.csv,0.322,0.21,15,93
500_0.322000_3234.csv,0.322,0.26,12,76
500_0.322000_3234.csv,0.322,0.31,10,65
500_0.322000_3234.csv,0.322,0.36,9,62
500_0.322000_3234.csv,0.322,0.41,8,52
500_0.322000_3234.csv,0.322,0.46,7,26
500_0.328000_8699.csv,0.328,0.01,300,100
500_0.328000_8699.csv,0.328,0.06,50,100
500_0.328000_8699.csv,0.328,0.11,28,100
500_0.328000_8699.csv,0.328,0.16,19,100
500_0.328000_8699.csv,0.328,0.21,15,89
500_0.328000_8699.csv,0.328,0.26,12,79
500_0.328000_8699.csv,0.328,0.31,10,67
500_0.328000_8699.csv,0.328,0.36,9,59
500_0.328000_8699.csv,0.328,0.41,8,48
500_0.328000_8699.csv,0.328,0.46,7,24
500_0.344000_1319.csv,0.344,0.01,300,100
500_0.344000_1319.csv,0.344,0.06,50,100
500_0.344000_1319.csv,0.344,0.11,28,100
500_0.344000_1319.csv,0.344,0.16,19,100
500_0.344000_1319.csv,0.344,0.21,15,99
500_0.344000_1319.csv,0.344,0.26,12,82
500_0.344000_1319.csv,0.344,0.31,10,66
500_0.344000_1319.csv,0.344,0.36,9,62
500_0.344000_1319.csv,0.344,0.41,8,48
500_0.344000_1319.csv,0.344,0.46,7,28
500_0.360000_6918.csv,0.36,0.01,300,100
500_0.360000_6918.csv,0.36,0.06,50,100
500_0.360000_6918.csv,0.36,0.11,28,100
500_0.360000_6918.csv,0.36,0.16,19,99
500_0.360000_6918.csv,0.36,0.21,15,92
500_0.360000_6918.csv,0.36,0.26,12,86
500_0.360000_6918.csv,0.36,0.31,10,75
500_0.360000_6918.csv,0.36,0.36,9,65
500_0.360000_6918.csv,0.36,0.41,8,45
500_0.360000_6918.csv,0.36,0.46,7,24
500_0.382000_6128.csv,0.382,0.01,300,100
500_0.382000_6128.csv,0.382,0.06,50,100
500_0.382000_6128.csv,0.382,0.11,28,100
500_0.382000_6128.csv,0.382,0.16,19,100
500_0.382000_6128.csv,0.382,0.21,15,96
500_0.382000_6128.csv,0.382,0.26,12,87
500_0.382000_6128.csv,0.382,0.31,10,71
500_0.382000_6128.csv,0.382,0.36,9,59
500_0.382000_6128.csv,0.382,0.41,8,42
500_0.382000_6128.csv,0.382,0.46,7,39
500_0.388000_9725.csv,0.388,0.01,300,100
500_0.388000_9725.csv,0.388,0.06,50,100
500_0.388000_9725.csv,0.388,0.11,28,100
500_0.388000_9725.csv,0.388,0.16,19,100
500_0.388000_9725.csv,0.388,0.21,15,96
500_0.388000_9725.csv,0.388,0.26,12,86
500_0.388000_9725.csv,0.388,0.31,10,75
500_0.388000_9725.csv,0.388,0.36,9,61
500_0.388000_9725.csv,0.388,0.41,8,47
500_0.388000_9725.csv,0.388,0.46,7,33
500_0.406000_3410.csv,0.406,0.01,300,100
500_0.406000_3410.csv,0.406,0.06,50,100
500_0.406000_3410.csv,0.406,0.11,28,100
500_0.406000_3410.csv,0.406,0.16,19,100
500_0.406000_3410.csv,0.406,0.21,15,99
500_0.406000_3410.csv,0.406,0.26,12,91
500_0.406000_3410.csv,0.406,0.31,10,77
500_0.406000_3410.csv,0.406,0.36,9,63
500_0.406000_3410.csv,0.406,0.41,8,49
500_0.406000_3410.csv,0.406,0.46,7,38
500_0.410000_1601.csv,0.41,0.01,300,100
500_0.410000_1601.csv,0.41,0.06,50,100
500_0.410000_1601.csv,0.41,0.11,28,100
500_0.410000_1601.csv,0.41,0.16,19,100
500_0.410000_1601.csv,0.41,0.21,15,98
500_0.410000_1601.csv,0.41,0.26,12,93
500_0.410000_1601.csv,0.41,0.31,10,76
500_0.410000_1601.csv,0.41,0.36,9,64
500_0.410000_1601.csv,0.41,0.41,8,51
500_0.410000_1601.csv,0.41,0.46,7,29
500_0.412000_8532.csv,0.412,0.01,300,100
500_0.412000_8532.csv,0.412,0.06,50,100
500_0.412000_8532.csv,0.412,0.11,28,100
500_0.412000_8532.csv,0.412,0.16,19,99
500_0.412000_8532.csv,0.412,0.21,15,96
500_0.412000_8532.csv,0.412,0.26,12,87
500_0.412000_8532.csv,0.412,0.31,10,79
500_0.412000_8532.csv,0.412,0.36,9,61
500_0.412000_8532.csv,0.412,0.41,8,41
500_0.412000_8532.csv,0.412,0.46,7,32
500_0.416000_9945.csv,0.416,0.01,300,100
500_0.416000_9945.csv,0.416,0.06,50,100
500_0.416000_9945.csv,0.416,0.11,28,100
500_0.416000_9945.csv,0.416,0.16,19,100
500_0.416000_9945.csv,0.416,0.21,15,96
500_0.416000_9945.csv,0.416,0.26,12,86
500_0.416000_9945.csv,0.416,0.31,10,73
500_0.416000_9945.csv,0.416,0.36,9,73
500_0.416000_9945.csv,0.416,0.41,8,47
500_0.416000_9945.csv,0.416,0.46,7,36
500_0.418000_1885.csv,0.418,0.01,300,100
500_0.418000_1885.csv,0.418,0.06,50,100
500_0.418000_1885.csv,0.418,0.11,28,100
500_0.418000_1885.csv,0.418,0.16,19,100
500_0.418000_1885.csv,0.418,0.21,15,97
500_0.418000_1885.csv,0.418,0.26,12,90
500_0.418000_1885.csv,0.418,0.31,10,72
500_0.418000_1885.csv,0.418,0.36,9,60
500_0.418000_1885.csv,0.418,0.41,8,53
500_0.418000_1885.csv,0.418,0.46,7,31
